or,Time.to.7424.S.Morgan.St.Chicago.IL.60621,Time.to.1040.N.Keeler.Ave.Chicago.IL.60651,Time.to.936.East.54th.St.Chicago.IL.60615,Time.to.5630.South.Rockwell.Street.Chicago.IL.60629,Time.to.5515.S.Lowe.Ave.Chicago.IL.60621,Time.to.4343.West.Wrightwood.Chicago.IL.60639,Time.to.3601.North.Milwaukee.Avenue.Chicago.IL.60641,Time.to.6631.N.Bosworth.Ave.Chicago.IL.60626,Time.to.244.E..Pershing.Road.Chicago.IL.60653,Time.to.6010.South.Throop.Street.Chicago.IL.60636,Time.to.2745.W.Roosevelt.Rd.Chicago.IL.60608,Time.to.7240.S.Wabash.Ave.Chicago.IL.60619,Time.to.1313.S.Sacramento.Dr.Chicago.IL.60623,Time.to.32.E..115th.Street.Chicago.IL.60628,Time.to.6311.South.Calumet.Chicago.IL.60637,Time.to.3615.West.16th.Street.Chicago.IL.60623,Time.to.4214.S..Saint.Lawrence.Ave.Chicago.IL.60653,Time.to.3711.West.Douglas.Boulevard.Chicago.IL.60612,Time.to.720.North.Lorel.Avenue.Chicago.IL.60644,Time.to.1420.S..Albany.Chicago.IL.60623,Time.to.6550.S.Richmond.St.Chicago.IL.60629,Time.to.4820.West.Walton.Chicago.IL.60651,Time.to.7736.S.Burnham.Ave.Chicago.IL.60647,Time.to.6006.S..Peoria.St..Chicago.IL.60621,Time.to.6940.South.Merrill.Avenue.Chicago.IL.60649,Time.to.1000.West.52nd.Street.Chicago.IL.60609
,937,2311,449,1047,698,2354,2027,2450,702,810,1753,641,1871,1352,256,2020,687,1936,2592,2001,1190,2430,799,657,659,843
,2018,451,2140,2115,1784,862,1197,2815,1662,1924,1073,1811,1099,2359,1784,1102,1730,1004,306,1141,2439,352,2543,1883,2346,1807
,1119,2193,194,1074,732,2226,1874,2198,636,924,1645,868,1630,1501,567,1864,481,1720,2371,1887,1458,2226,972,859,821,763
,1623,672,1665,1654,1275,1091,1266,2282,1171,1526,651,1429,746,1919,1350,833,1292,746,969,866,2017,788,2180,1489,1955,1405
,729,2004,632,742,327,2064,1696,2471,481,545,1494,503,1638,1126,255,1739,546,1694,2325,1759,1102,2118,1044,434,932,511
,2015,2192,1802,2092,1745,1791,1571,1047,1502,1916,1478,1841,1545,2311,1749,1653,1506,1561,2135,1537,2417,1938,1926,1779,1720,1680
,2547,1884,2287,2540,2144,1612,1195,937,1977,2398,1921,2216,1995,2796,2227,2164,2007,2021,2498,2046,2869,2224,2426,2291,2237,2233
,1214,2019,423,1210,867,2058,1691,2057,400,1060,1433,945,1528,1564,684,1647,284,1660,2219,1664,1566,2074,827,1012,677,878
,1976,1852,1818,2160,1757,1661,1382,1071,1520,1969,1584,1833,1505,2396,1764,1692,1551,1576,2193,1620,2358,1973,1907,1745,1684,1720
,2704,2553,2875,2621,2536,2993,2692,3436,2442,2763,2112,2700,2057,2647,2678,2191,2701,2083,2313,2185,2806,2339,3313,2781,3338,2737
,1566,3165,2024,1997,1592,3193,2850,3683,1696,1696,2649,1371,2721,1080,1518,2888,1771,2752,3410,2939,2197,3414,1791,1625,1815,1735
,848,2254,374,984,545,2248,1964,2411,585,685,1681,533,1809,1252,218,1960,520,1911,2551,1945,1131,2315,876,575,771,713
,1943,767,2055,2051,1668,747,916,2156,1549,1977,1038,1695,963,2342,1688,1119,1718,1088,1156,1064,2291,973,2509,1867,2269,1715
,1868,3486,2311,2306,1910,3475,3177,3862,2039,2058,2991,1705,3115,1662,1846,3091,2129,3096,3696,3302,2544,3732,2337,1970,2341,2088
,263,2503,1267,732,697,2584,2245,3042,1043,521,1695,683,1664,1216,846,1825,1169,1995,2696,1694,693,2422,1322,626,1297,731
,810,2449,1208,1215,812,2399,2125,2854,901,918,1853,607,1992,651,754,2135,1009,2030,2672,2201,1264,2650,1239,854,1224,982
,2559,2319,2363,2587,2243,2051,1611,420,2037,2462,2024,2407,2137,2811,2233,2188,2109,2125,2733,2121,3016,2492,2543,2371,2326,2334
,1348,1272,1423,1139,1109,1645,1330,2084,892,1112,403,1161,528,1668,1098,670,1063,808,1378,576,1558,1150,1886,1265,1680,959
,1907,582,1949,1988,1614,516,811,2116,1476,1860,940,1618,857,2142,1646,1065,1661,1047,1056,943,2237,804,2410,1704,2248,1624
,1310,1221,1377,1146,1018,1727,1818,2642,886,1224,742,1107,628,1600,1044,576,1073,656,1435,740,1332,1376,1820,1106,1726,1072
,983,2392,591,1278,815,2427,2083,2327,818,918,1774,655,1799,1305,352,1971,811,1878,2545,1981,1299,2355,726,755,589,988
,2132,969,2133,2210,1811,483,246,2058,1689,1941,1600,1802,1584,2340,1720,1627,1769,1540,1332,1549,2399,1140,2469,1821,2348,1854
,3150,2865,3308,3097,3002,3096,2883,3638,2901,3224,2653,3130,2789,3109,3129,2759,3141,2646,2641,2742,3438,2834,3812,3202,3733,3157
,1199,2817,1613,1615,1199,2787,2508,3242,1294,1298,2330,976,2343,691,1135,2526,1387,2387,3050,2512,1814,2923,1415,1238,1420,1363
,1400,2973,1804,1820,1409,2967,2649,3416,1518,1513,2436,1182,2520,892,1344,2701,1606,2572,3219,2717,2021,3171,1601,1433,1620,1556
,1365,1831,1434,759,1088,2183,1866,2877,944,1139,1002,1175,1009,1694,1113,1057,1106,1224,2077,1049,937,1989,1931,1289,1808,1009
,1953,1702,2066,1828,1714,2084,2093,2874,1577,1912,1213,1791,1111,2327,1732,1013,1725,1115,1400,1174,1998,1584,2572,1855,2420,1776
,2239,2046,2090,2376,1967,1834,1414,1051,1768,2164,1733,2124,1840,2573,1967,1922,1770,1806,2459,1834,2673,2227,2169,2021,1954,1939
,2118,623,2112,2153,1832,377,617,2101,1664,1975,1213,1831,1163,2291,1759,1250,1752,1169,1072,1188,2398,831,2557,1950,2389,1855
,1855,1082,1873,1923,1543,678,712,1845,1471,1814,1325,1625,1291,2088,1499,1487,1513,1285,1468,1278,2185,1231,2221,1665,2155,1641
,1359,963,1406,1419,1019,1319,936,1915,945,1293,741,1145,871,1642,1077,973,1090,911,1226,883,1741,1104,1915,1189,1660,1166
,3063,2742,3205,2966,2848,2955,2805,3552,2757,3088,2565,3015,2682,2986,3005,2680,3019,2566,2523,2645,3167,2669,3714,3093,3630,3046
,1768,1681,1792,1864,1484,1404,1105,1395,1355,1760,1313,1558,1387,2227,1644,1435,1547,1440,1965,1348,2347,1915,2080,1606,1892,1701
,1982,649,2045,2185,1785,300,521,2042,1622,2001,1230,1748,1177,2240,1738,1267,1755,1202,1102,1216,2438,871,2461,1903,2247,1736
,2042,562,2185,2179,1796,632,868,2304,1659,1993,1107,1804,1017,2377,1843,1177,1821,1093,990,1094,2427,750,2612,1905,2367,1844
,848,2245,374,984,545,2224,1964,2452,585,683,1670,533,1736,1245,218,1951,519,1914,2514,1957,1131,2444,875,579,769,713
,3102,2363,2946,3239,2807,1929,1493,649,2701,3044,2730,2941,2641,3474,2782,2753,2775,2642,2581,2625,3461,2369,3139,2805,2786,2912
,1931,2335,2067,1843,1748,2850,2527,3526,1664,2054,1720,1800,1741,1784,1914,1657,1935,1785,2299,1860,1721,2351,2471,2061,2445,1990
,1467,1212,1531,1243,1177,1643,1606,2374,1059,1394,484,1264,390,1800,1218,292,1204,460,1357,465,1464,1172,2040,1328,1947,1260
,1992,1987,1889,2132,1721,1735,1397,1056,1582,1971,1488,1850,1569,2334,1777,1724,1544,1586,2157,1622,2418,2016,1969,1756,1741,1734
,1985,677,2028,2192,1680,203,520,2041,1631,1946,1299,1789,1191,2282,1683,1348,1730,1272,1096,1248,2345,862,2409,1860,2253,1715
,2095,2187,1945,2172,1823,2025,1615,879,1654,1998,1607,1918,1657,2445,1854,1799,1627,1647,2257,1706,2477,2094,2048,1826,1813,1819
,2532,1782,2620,2646,2243,1375,902,1298,2130,2470,1962,2309,2016,2806,2221,2181,2229,1997,2091,2001,2878,1946,2981,2282,2700,2283
,1614,1039,1675,1703,1283,813,740,1780,1164,1518,1071,1362,1064,1838,1262,1239,1283,1061,1408,1074,1921,1218,2052,1393,1815,1367
,1130,1349,1261,1123,877,1571,1261,2061,755,1011,519,985,593,1501,927,738,921,855,1421,630,1458,1277,1667,1001,1466,860
,1745,1259,1869,1828,1524,1664,1684,2440,1378,1691,867,1565,845,2081,1499,841,1492,760,867,884,2144,1022,2241,1587,2047,1527
,1090,1449,1170,1138,761,1536,1207,2143,656,998,601,883,720,1386,803,879,786,915,1556,791,1472,1337,1553,903,1489,843
,1716,1747,1753,1857,1544,1432,1137,1197,1421,1665,1278,1525,1258,2076,1533,1496,1434,1296,2004,1309,2172,1762,1891,1707,1641,1538
,1125,2798,1739,1598,1124,2832,2471,3178,1311,1311,2323,934,2378,790,1071,2487,1340,2324,2969,2570,1407,2947,1563,1165,1548,1324
,2091,1006,2156,2192,1783,591,285,1988,1643,2031,1486,1833,1607,2351,1774,1664,1746,1576,1370,1587,2454,1175,2541,1847,2319,1842
,1907,582,1949,1988,1614,516,811,2116,1476,1860,940,1618,857,2142,1646,1065,1661,1047,1056,943,2237,804,2410,1704,2248,1624
,1296,1397,1240,1394,1016,1446,1115,1377,877,1233,816,1144,911,1641,1057,967,1000,963,1505,891,1723,1285,1458,1203,1191,1086
,286,2291,1014,723,496,2308,1985,2682,783,301,1617,524,1650,1137,573,1823,919,1989,2587,1660,661,2387,1299,336,1115,499
,2973,4158,2893,3093,2693,4112,3800,4457,2797,2812,3616,2629,3801,2596,2531,3835,2862,3809,4414,3820,3225,4330,2493,2625,2547,2713
,1555,913,1677,1655,1301,1308,1486,2236,1155,1480,634,1367,604,1902,1302,646,1276,530,507,685,1988,628,2056,1415,1851,1319
,1938,886,1988,2041,1577,457,317,1856,1479,1837,1335,1663,1416,2220,1589,1507,1593,1420,1316,1372,2240,1091,2297,1671,2217,1668
,1953,608,2000,2006,1593,619,891,2159,1508,1777,914,1648,874,2195,1693,993,1691,1000,984,908,2283,784,2453,1750,2201,1667
,2701,2629,2559,2767,2468,2397,1969,265,2237,2579,2221,2556,2321,2981,2368,2330,2183,2268,2779,2293,3020,2806,2629,2481,2424,2480
,2213,630,2160,2196,1876,297,609,2217,1947,2092,1312,1889,1252,2332,1790,1342,1806,1257,1068,1299,2398,884,2630,1994,2434,1890
,1321,1293,1355,1050,1017,1691,1323,2094,921,1218,326,1106,439,1653,1084,556,1102,727,1363,474,1327,1169,1903,1170,1799,1048
,2472,794,2518,2521,2262,416,576,2180,2095,2421,1571,2318,1563,2874,2218,1551,2223,1489,807,1603,3034,725,3071,2339,2742,2239
,1025,2084,469,1012,628,2062,1742,1999,288,917,1409,748,1451,1343,627,1682,74,1564,2223,1650,1362,1962,941,782,795,692
,1286,1377,1375,1130,1008,1630,1311,2119,893,1111,536,1105,651,1622,1036,781,1045,902,1472,677,1456,1311,1797,1130,1631,963
,1907,582,1949,1988,1614,516,811,2116,1476,1860,940,1618,857,2142,1646,1065,1661,1047,1056,943,2237,804,2410,1704,2248,1624
,848,2254,383,983,544,2227,1964,2396,588,683,1694,533,1869,1252,218,2013,519,1864,2548,1954,1130,2477,873,580,792,714
,1928,1581,1878,1967,1577,1316,958,1501,1473,1861,1397,1629,1398,2206,1608,1538,1604,1396,1959,1367,2157,1795,2119,1591,1912,1581
,2530,2078,2652,2533,2345,2274,2327,3044,2108,2477,1640,2377,1684,2549,2427,1664,2309,1527,1691,1678,2706,1862,3135,2503,2879,2386
,704,2370,1125,1162,788,2422,2099,2747,878,899,1840,588,1945,969,697,2098,984,1964,2656,2086,1372,2606,960,782,964,893
,1072,2755,1980,1117,1407,3108,2844,3530,1709,1223,2012,1469,1994,1685,1553,1995,1813,2120,2578,2034,802,2397,2031,1247,1953,1361
,1547,1073,1626,1358,1257,1561,1410,2196,1109,1451,275,1334,188,1877,1305,187,1297,336,1218,175,1653,1042,2015,1378,1814,1281
,2051,403,2155,2124,1770,503,813,2417,1626,1950,1138,1836,1092,2359,1794,1062,1778,979,845,1107,2423,603,2562,1910,2313,1791
,951,2447,1809,814,1180,2919,2536,3461,1552,1003,1819,1318,1664,1894,1307,1755,1676,1792,2438,1724,477,2256,2050,1050,1891,1238
,1402,1213,1449,1012,1115,1642,1390,2134,1020,1324,262,1216,315,1763,1180,413,1203,579,1336,346,1320,1104,2026,1293,1759,1115
,1123,2206,194,1075,732,2189,1884,2199,635,888,1608,868,1626,1494,568,1866,480,1740,2404,1760,1474,2154,972,892,813,763
,865,2527,1302,1295,892,2548,2185,2883,981,999,1971,675,2096,387,820,2234,1104,2087,2779,2229,1568,2676,1330,946,1315,1055
,1133,2656,1997,1169,1430,2952,2700,3609,1788,1245,1864,1478,1825,1993,1613,1828,1939,1918,2405,1828,851,2204,2139,1310,2006,1406
,343,2063,848,836,447,2191,1839,2609,601,435,1620,326,1678,931,360,1872,734,1799,2471,1882,772,2357,1073,356,901,629
,1047,1758,1094,1113,789,1810,1475,1925,526,993,1182,881,1172,1338,756,1309,725,1259,1864,1274,1346,1694,1197,873,1090,805
,1239,2152,368,1178,834,2105,1779,2045,588,1010,1509,963,1512,1594,649,1722,531,1608,2325,1876,1609,2111,943,1030,766,868
,1330,2909,1796,1769,1367,2999,2654,3300,1483,1488,2497,1152,2547,859,1305,2719,1560,2618,3252,2751,1977,3121,1569,1410,1617,1507
,1808,1421,1800,1828,1462,1110,743,1458,1385,1686,1159,1561,1253,2043,1498,1399,1481,1249,1723,1243,2123,1566,2281,1640,2104,1555
,1955,1452,1968,1826,1605,1907,1865,2650,1473,1832,1030,1695,927,2221,1645,855,1694,970,1161,961,1844,1243,2416,1738,2248,1677
,1359,963,1406,1419,1019,1319,936,1915,945,1293,741,1145,871,1642,1077,973,1090,911,1226,883,1741,1104,1915,1189,1660,1166
,1125,1352,1242,1144,856,1589,1270,2097,754,1012,513,984,593,1504,913,739,921,859,1427,657,1517,1289,1667,1010,1460,852
,1969,778,2010,2043,1662,744,951,2144,1570,1910,1046,1636,981,2220,1692,1130,1719,1079,1147,1096,2367,974,2561,1889,2294,1770
,1348,1272,1423,1139,1109,1645,1330,2084,892,1112,403,1161,528,1668,1098,670,1063,808,1378,576,1558,1150,1886,1265,1680,959
,1114,2653,1525,1536,1123,2753,2426,3051,1218,1237,2205,907,2317,615,1062,2441,1327,2357,2982,2443,1753,2865,1323,1167,1376,1283
,1928,2126,1716,2017,1649,1948,1520,1100,1506,1831,1415,1743,1474,2251,1698,1590,1394,1465,2099,1486,2304,1822,1840,1736,1647,1639
,1718,773,1775,1813,1423,637,678,1961,1393,1693,1033,1450,930,2018,1474,1133,1463,1089,1148,1091,2090,946,2311,1595,2088,1480
,4953,4244,4941,5025,4631,3723,3285,3609,4539,4891,4370,4730,4265,5318,4711,4566,4685,4192,4054,4304,5093,4244,5521,4829,5452,4790
,488,2387,1361,546,703,2648,2304,3036,1109,530,1481,781,1496,1427,847,1676,1235,1815,2535,1543,411,2345,1507,590,1327,712
,629,2497,1463,451,864,2771,2424,3165,1242,687,1501,957,1561,1578,997,1739,1372,1884,2620,1587,204,2455,1663,759,1487,905
,1156,2755,1596,1599,1188,2820,2495,3154,1296,1303,2260,985,2331,989,1156,2323,1438,2428,2887,2435,1826,2943,1625,1241,1631,1353
,1206,2036,441,1196,850,2134,1819,2054,554,1034,1460,797,1593,1374,573,1716,627,1592,2242,1823,1510,2105,616,949,464,989
,1646,1107,1716,1692,1332,1552,1527,2289,1210,1535,721,1432,704,1969,1390,721,1381,618,719,752,2051,943,2124,1493,1941,1443
,1723,3240,2138,2137,1736,3350,3059,3708,1870,1882,2764,1597,2736,1480,1728,2771,1987,2899,3358,2869,2317,3432,2187,1814,2199,1925
,2018,451,2140,2115,1784,862,1197,2815,1662,1924,1073,1811,1099,2359,1784,1102,1730,1004,306,1141,2439,352,2543,1883,2346,1807
,1169,2139,320,1105,759,2211,1868,2232,744,987,1613,938,1604,1559,612,1811,601,1696,2348,1931,1536,2166,939,983,786,886
,4720,3956,4682,4548,4341,3432,2993,3316,4256,4591,4037,4481,4031,4572,4416,4296,4439,3923,3730,4086,4849,3971,5295,4590,5182,4521
,1946,740,1960,1925,1641,623,790,2012,1570,1862,990,1659,927,2114,1563,1088,1584,1066,1099,1048,2243,902,2413,1651,2326,1587
,1822,1718,1756,1871,1478,1358,1072,1498,1424,1776,1156,1653,1396,2163,1552,1436,1571,1341,1992,1432,2300,1780,2154,1564,1968,1453
,1885,1178,1830,1835,1496,870,630,1524,1370,1697,1164,1497,1225,2028,1406,1353,1437,1178,1541,1311,2083,1347,2169,1548,2133,1463
,1090,2181,568,1227,866,2261,1954,2205,730,980,1633,762,1777,1313,412,1870,768,1783,2418,2003,1370,2270,655,822,536,997
,1441,702,1540,1547,1200,1183,1276,2118,1032,1366,445,1296,432,1803,1198,521,1194,524,822,414,1953,679,1918,1270,1755,1242
,2213,630,2160,2196,1876,297,609,2217,1947,2092,1312,1889,1252,2332,1790,1342,1806,1257,1068,1299,2398,884,2630,1994,2434,1890
,1148,1469,1206,929,869,1879,1432,2250,766,1084,512,947,594,1511,945,686,948,811,1534,582,1206,1345,1667,1061,1665,987
,1548,680,1642,1645,1250,1113,1298,2303,1164,1486,661,1387,773,1932,1339,833,1287,749,969,827,2045,786,2018,1477,1914,1441
,1885,1178,1830,1835,1496,870,630,1524,1370,1697,1164,1497,1225,2028,1406,1353,1437,1178,1541,1311,2083,1347,2169,1548,2133,1463
,1814,1039,1833,1864,1485,676,739,1874,1414,1737,1248,1513,1214,1991,1428,1358,1444,1170,1420,1336,2125,1201,2201,1567,2004,1480
,1071,2129,1395,339,760,2506,2171,3094,1234,769,1360,1230,1339,1774,1141,1419,1325,1564,2264,1317,571,2179,1835,887,1792,784
,2143,1702,2221,2218,1897,1364,1045,994,1757,2092,1650,1924,1701,2524,1898,1773,1865,1647,2118,1650,2452,1875,2273,1947,2109,2047
,487,2397,1320,546,703,2638,2304,3098,1109,530,1480,781,1497,1442,845,1685,1233,1824,2533,1574,411,2342,1507,590,1325,713
,2316,1673,2361,2319,1982,1420,954,1147,1911,2192,1811,2027,1777,2501,1922,1852,1977,1720,2058,1842,2604,1848,2559,2087,2316,2069
,2506,2697,2392,2780,2290,2324,2066,490,2040,2452,2142,2428,2222,2924,2358,2234,2224,2276,2803,2201,3139,2523,2424,2357,2338,2209
,1831,1768,1903,1993,1611,1435,1161,1181,1467,1708,1285,1651,1462,2242,1702,1515,1490,1358,2019,1524,2376,1957,1937,1659,1717,1625
,1079,1618,1173,1051,892,1673,1381,2194,794,985,804,919,902,1461,888,1014,859,1152,1679,930,1513,1553,1421,1009,1298,806
,1368,765,1447,1490,1113,1243,1263,2063,965,1287,449,1181,432,1696,1104,424,1109,315,828,500,1753,690,1808,1194,1639,1128
,2431,1073,2539,2509,2121,600,425,2034,2050,2345,1790,2177,1755,2635,2047,1821,2026,1774,1042,1879,2755,963,2805,2167,2626,2104
,1248,2110,1603,519,942,2555,2221,3187,1297,939,1447,1427,1379,1985,1363,1387,1497,1444,1990,1405,665,1904,2065,1070,1975,956
,2226,2097,2083,2345,2027,1748,1401,1030,1772,2146,1720,2060,1860,2527,1968,1908,1719,1779,2546,1815,2597,2213,2127,2010,1953,1971
,1997,581,2036,2053,1660,593,862,2165,1564,1873,974,1789,915,2274,1726,1082,1745,1067,1030,963,2340,798,2512,1850,2258,1728
,2519,962,2574,2620,2271,809,835,2294,2087,2460,1664,2304,1658,2970,2250,1612,2234,1495,855,1711,3003,879,3055,2390,2806,2320
,2294,1575,2330,2307,1900,1217,852,1220,1900,2199,1825,1981,1711,2452,1904,1851,1918,1674,1965,1789,2569,1736,2700,1998,2453,1987
,2208,1793,2224,2318,2006,1469,1145,1145,1829,2244,1715,2017,1799,2570,1963,1814,1829,1734,2205,1761,2587,1952,2252,2006,2080,2045
,2003,1453,2043,2062,1697,1901,1890,2681,1604,1943,1105,1805,1123,2367,1817,1185,1818,1023,1308,1137,2397,1366,2528,1971,2306,1818
,2240,2604,2365,2142,2008,2873,2453,3353,1944,2286,2092,2282,2138,2270,2287,2030,2236,2112,2314,2162,2390,2431,3004,2339,2818,2267
,1654,2022,1750,1558,1461,2442,2282,3167,1385,1739,1464,1657,1368,2088,1668,1233,1663,1349,1775,1384,1731,1792,2558,1776,2347,1698
,3408,2782,3672,3656,3224,2236,1784,2078,3180,3547,2997,3371,3032,3581,3374,3035,3295,3110,2762,3134,3704,2830,4196,3433,3921,3455
,937,2317,491,1134,713,2342,2057,2352,777,804,1708,617,1772,1327,251,1978,704,1887,2626,1986,1200,2363,736,671,597,889
,2386,2178,2501,2294,2176,2600,2356,3216,2106,2448,1801,2390,1722,2310,2351,1813,2386,1706,2000,1818,2481,2005,2979,2466,2974,2425
,1498,708,1578,1590,1203,1104,1428,2166,1089,1411,568,1323,566,1835,1251,650,1223,485,614,609,2014,475,1941,1320,1777,1264
,1068,1943,671,1077,691,1945,1651,2032,164,953,1375,834,1415,1470,783,1604,290,1574,2136,1597,1469,2048,916,886,758,751
,1033,1069,1099,1114,752,1135,822,1706,633,958,489,898,576,1384,811,672,789,598,1214,644,1478,1037,1572,909,1352,881
,1999,1865,1862,2151,1772,1659,1375,1060,1521,1904,1417,1795,1534,2319,1752,1704,1500,1593,2172,1556,2362,1996,1928,1772,1743,1691
,1843,1051,1883,1898,1481,678,714,1839,1412,1806,1211,1566,1292,2050,1483,1469,1508,1253,1433,1348,2133,1238,2250,1553,2077,1555
,2592,1492,2723,2779,2436,1147,687,2045,2321,2611,2085,2431,2118,3022,2409,2122,2348,1997,1473,2159,3039,1348,3098,2383,3051,2358
,1777,3501,2216,2219,1817,3430,3122,3798,1939,1940,2864,1603,2852,1583,1762,2821,2053,2938,3424,2917,2462,3457,2273,1875,2269,1999
,2323,1715,2423,2439,2172,1306,875,1118,2013,2293,1748,2095,1817,2632,2004,2056,2169,1923,2010,1999,2839,1933,2854,2269,2630,2105
,769,2359,1149,1162,755,2392,2114,2767,864,873,1848,545,1915,703,715,2086,978,2042,2635,2056,1245,2641,1198,818,1181,937
,1977,610,1979,2006,1615,663,901,2118,1529,1838,901,1647,901,2244,1671,995,1716,1001,967,887,2285,776,2474,1668,2207,1674
,1610,689,1633,1639,1269,1141,1300,2316,1164,1550,670,1420,799,1927,1353,834,1298,750,962,882,2050,785,2022,1497,1886,1411
,1400,1021,1431,1429,1050,1308,1020,1950,1011,1310,787,1165,904,1706,1111,1007,1141,919,1254,913,1778,1126,1924,1250,1698,1170
,1118,2758,1546,1561,1144,2753,2461,3091,1244,1261,2250,923,2314,636,1084,2500,1351,2402,2970,2494,1773,2859,1352,1197,1388,1305
,1866,2102,1741,1949,1604,1861,1532,931,1377,1805,1354,1716,1501,2180,1641,1583,1390,1443,2076,1482,2251,1816,1789,1680,1612,1633
,2203,1704,2261,2218,1886,1344,1030,1090,1775,2083,1611,1911,1749,2558,1838,1771,1923,1639,2117,1633,2436,1908,2393,1974,2203,1908
,2103,1962,1922,2209,1853,1660,1407,1184,1697,2037,1569,1960,1713,2452,1929,1851,1666,1777,2309,1769,2656,2155,2121,1959,1920,1891
,2599,2603,2426,2655,2486,2353,1893,83,2192,2549,2189,2544,2267,2939,2336,2301,2109,2204,2781,2196,2995,2797,2633,2519,2467,2462
,523,2258,1074,472,426,2421,2139,2840,886,234,1372,739,1371,1358,616,1595,994,1727,2375,1442,519,2238,1492,358,1336,441
,280,2483,1207,593,611,2550,2272,2972,1045,424,1515,652,1528,1272,757,1729,1147,1857,2552,1602,530,2378,1371,561,1233,660
,1898,611,1958,1943,1569,790,1021,2227,1480,1796,914,1666,866,2232,1671,1008,1643,964,1014,903,2414,782,2293,1716,2117,1651
,1390,1436,1406,1503,1112,1405,1076,1305,1065,1345,850,1240,932,1788,1193,1031,1082,945,1523,949,1797,1353,1532,1266,1319,1211
,1107,2251,1482,381,867,2592,2277,3172,1394,798,1480,1309,1449,1872,1226,1531,1399,1588,2154,1487,530,2018,1921,918,1825,830
,1485,1192,1536,1140,1225,1664,1394,2112,1060,1423,264,1318,286,1798,1207,435,1193,560,1271,329,1461,1098,1940,1274,1752,1210
,1541,1080,1583,1377,1247,1566,1466,2192,1131,1443,275,1370,188,1908,1323,187,1309,337,1215,175,1633,1039,1997,1352,1821,1286
,2450,1751,2487,2501,2111,1406,1033,1142,2082,2381,1861,2168,1906,2659,2073,2111,2131,1913,2151,1967,2804,1964,2710,2188,2559,2229
,2441,903,2498,2529,2188,622,863,2388,2124,2448,1568,2274,1526,2818,2229,1555,2208,1450,803,1598,2868,805,3009,2303,2709,2260
,2000,448,2078,2131,1783,869,1188,2820,1666,1923,1086,1813,1099,2368,1788,1105,1760,1006,306,1160,2417,353,2517,1867,2320,1801
,1653,818,1725,1713,1408,1240,1519,2365,1262,1609,787,1480,747,2028,1446,784,1466,632,427,823,2086,575,2116,1545,1973,1485
,2523,837,2558,2576,2337,516,603,2201,2132,2457,1617,2378,1632,2819,2204,1610,2209,1552,853,1670,2840,782,2984,2385,2734,2316
,4611,4012,4771,4592,4457,3517,3080,3390,4372,4621,4008,4551,3943,4601,4474,4372,4441,3956,3760,4228,4891,4025,5360,4619,5220,4470
,1982,649,2045,2185,1785,300,521,2042,1622,2001,1230,1748,1177,2240,1738,1267,1755,1202,1102,1216,2438,871,2461,1903,2247,1736
,3304,2718,3522,3527,3107,2086,1624,1340,3093,3324,2906,3302,3028,3758,3183,3073,3157,2960,2828,3126,3918,2749,3675,3326,3499,3307
,1316,1312,1379,1117,1036,1812,1736,2506,925,1265,612,1139,533,1697,1094,421,1087,595,1491,578,1343,1297,1832,1158,1828,1108
,1624,1431,1660,1533,1314,1847,1874,2638,1213,1555,839,1426,748,1962,1357,630,1335,735,1170,761,1592,1241,2176,1434,2079,1382
,906,2331,451,1040,681,2320,2046,2408,705,790,1802,651,1861,1326,236,1996,684,2011,2634,1964,1185,2400,829,656,687,854
,1640,1786,1772,1723,1365,1588,1282,1210,1280,1508,1074,1453,1153,1991,1400,1212,1373,1176,1791,1179,2003,1593,1842,1470,1735,1445
,1733,1035,1894,1879,1523,676,781,1879,1458,1717,1226,1517,1220,2011,1406,1304,1408,1203,1414,1282,2095,1200,2187,1524,2153,1554
,4720,4204,4911,4771,4607,3652,3208,3535,4454,4762,4153,4667,4220,4793,4638,4538,4624,4176,3953,4386,5054,4193,5469,4753,5394,4629
,1853,1566,1906,1941,1580,1279,998,1494,1499,1837,1259,1694,1387,2242,1581,1576,1583,1364,1939,1369,2198,1777,2248,1627,2165,1620
,1943,767,2055,2051,1668,747,916,2156,1549,1977,1038,1695,963,2342,1688,1119,1718,1088,1156,1064,2291,973,2509,1867,2269,1715
,848,2245,374,984,545,2224,1964,2452,585,683,1670,533,1736,1245,218,1951,519,1914,2514,1957,1131,2444,875,579,769,713
,500,2390,1438,513,756,2655,2381,3117,1146,596,1409,811,1434,1527,905,1655,1265,1785,2497,1566,358,2293,1521,690,1344,771
,782,2451,919,1280,863,2496,2221,2805,957,968,1955,621,2077,982,688,2154,1048,2142,2689,2123,1476,2589,858,891,817,1019
,1292,2877,1683,1729,1320,2918,2638,3215,1413,1432,2355,1087,2482,800,1248,2624,1520,2541,3102,2636,1902,2956,1525,1357,1546,1471
,2146,509,2223,2250,1891,487,838,2465,1813,2134,1279,2018,1266,2582,2080,1203,1997,1126,873,1262,2590,644,2745,2074,2413,1892
,743,1973,595,748,328,2074,1783,2487,523,545,1520,496,1559,1125,250,1737,519,1787,2394,1703,1085,2174,1061,440,929,532
,1894,589,1920,1978,1614,543,842,2099,1539,1766,962,1690,904,2190,1701,1043,1628,1021,1053,941,2225,803,2401,1684,2173,1664
,628,2667,1432,1118,1085,2701,2426,3010,1209,899,2109,851,2066,1034,1041,2251,1303,2369,2924,2125,1020,2867,1548,1024,1524,1077
,1099,2166,194,1070,723,2211,1922,2165,636,945,1611,868,1678,1520,577,1814,480,1797,2339,1726,1442,2146,973,899,810,760
,2157,762,2210,2263,1881,1013,1354,2855,1708,2036,1210,1920,1211,2438,1902,1227,1900,1132,553,1242,2556,655,2625,1930,2473,1950
,1307,1245,1289,1392,977,1179,848,1751,838,1177,744,1125,822,1653,1070,929,1002,800,1411,873,1687,1381,1711,1155,1598,1054
,2012,561,2028,2106,1751,520,819,2209,1644,1871,1009,1765,1007,2310,1779,1153,1756,1128,1008,1039,2324,765,2507,1774,2234,1761
,2120,1707,2231,2237,1903,1468,1177,1186,1768,2072,1563,1874,1614,2373,1849,1759,1787,1554,2085,1625,2364,1882,2303,2017,2134,1965
,582,2588,1379,1122,1011,2618,2316,2898,1113,868,2020,801,2048,999,946,2225,1213,2256,2854,2100,999,2763,1463,941,1433,1071
,288,2412,1348,1057,847,2516,2227,2850,963,716,1983,597,1987,1118,866,2194,1085,2174,2720,2076,1014,2614,1260,730,1261,913
,1915,282,2054,1992,1628,595,925,2540,1501,1810,950,1726,1012,2247,1671,947,1652,848,677,985,2287,486,2405,1736,2219,1670
,557,2419,1448,545,826,2716,2437,3120,1204,654,1427,869,1517,1512,963,1679,1323,1812,2520,1595,407,2322,1572,693,1402,814
,1592,1489,1708,1480,1355,1902,1911,2643,1225,1560,915,1468,818,1963,1354,699,1350,805,1336,828,1624,1272,2203,1453,2092,1418
,1770,770,1804,1810,1444,638,694,1913,1489,1656,992,1575,1020,2035,1472,1155,1425,1072,1133,1074,2100,942,2198,1552,2166,1521
,2336,1711,2458,2432,2066,1343,875,1115,1980,2280,1922,2228,1840,2575,2016,2025,2148,1910,2009,2004,2756,1965,2856,2303,2740,2162
,1001,2641,1436,1454,1038,2664,2360,3009,1134,1136,2115,805,2174,616,984,2368,1245,2298,2920,2439,1341,2737,1463,1091,1461,1238
,1915,598,2003,1996,1623,664,901,2128,1531,1823,904,1748,915,2251,1780,995,1704,1001,971,897,2288,778,2468,1718,2218,1687
,1215,2524,1193,1545,1100,2571,2293,2559,1054,1235,2016,938,2028,1243,953,2229,1102,2162,2662,2102,1803,2493,164,1242,503,1302
,2245,1763,2140,2196,1833,1505,1214,1396,1815,2001,1525,1896,1668,2480,1851,1690,1793,1602,2168,1680,2467,2012,2255,1977,2152,2011
,1982,649,2045,2185,1785,300,521,2042,1622,2001,1230,1748,1177,2240,1738,1267,1755,1202,1102,1216,2438,871,2461,1903,2247,1736
,1604,1278,1647,1419,1272,1679,1690,2456,1181,1494,691,1386,601,1902,1401,474,1400,583,1251,611,1672,1117,2169,1431,2088,1370
,970,1846,998,973,647,1839,1610,2272,516,823,1144,763,1134,1362,745,1323,721,1452,2046,1196,1360,1810,1547,762,1272,564
,1808,1421,1800,1828,1462,1110,743,1458,1385,1686,1159,1561,1253,2043,1498,1399,1481,1249,1723,1243,2123,1566,2281,1640,2104,1555
,1019,2635,1442,1427,991,2596,2347,2924,1117,1121,2087,783,2152,521,963,2290,1239,2256,2864,2249,1469,2696,1441,1073,1451,1185
,1600,712,1650,1619,1254,1132,1265,2287,1173,1483,678,1465,809,1914,1374,840,1355,753,958,883,2083,784,2049,1526,1885,1415
,1339,2039,475,1287,909,2042,1792,2050,521,1116,1467,946,1500,1540,713,1687,487,1574,2119,1566,1639,1988,768,1061,605,931
,904,2404,802,1332,931,2389,2128,2304,839,1053,1814,577,1811,1018,589,2074,971,2042,2535,2145,1446,2383,466,1014,279,1104
,1592,3180,2045,2034,1632,3197,2954,3646,1770,1772,2712,1432,2823,1404,1582,2849,1848,2887,3392,2933,2227,3389,2064,1683,2065,1807
,2213,630,2160,2196,1876,297,609,2217,1947,2092,1312,1889,1252,2332,1790,1342,1806,1257,1068,1299,2398,884,2630,1994,2434,1890
,1910,603,2022,2021,1629,655,901,2128,1533,1804,917,1691,910,2273,1695,995,1674,1001,971,898,2347,787,2443,1742,2240,1697
,1449,1224,1538,1262,1174,1660,1595,2362,1069,1394,474,1269,408,1793,1215,291,1214,458,1352,463,1484,1170,2039,1331,1961,1247
,2106,1712,2287,2252,1884,1466,1170,1192,1786,2132,1590,2040,1728,2418,1870,1754,1802,1549,2081,1609,2405,1904,2319,1909,2131,1959
,1516,3126,1975,1941,1543,3109,2869,3444,1640,1670,2635,1323,2686,1030,1480,2892,1747,2800,3403,2790,2126,3307,1748,1596,1783,1715
,1130,2073,319,1139,753,2112,1831,2089,368,969,1499,891,1507,1513,592,1688,245,1634,2175,1627,1481,2063,883,928,728,769
,2808,1618,2905,2940,2588,1423,1210,2506,2398,2744,1907,2614,1910,3193,2594,1945,2629,1897,1344,2018,3282,1517,3375,2677,3196,2610
,3372,2719,3576,3591,3101,2110,1668,1981,3106,3393,2928,3339,2902,3376,3266,3019,3293,2853,2529,3099,3489,2665,4033,3307,4053,3340
,2710,1948,2924,2817,2420,1473,1059,924,2398,2695,2254,2760,2310,3081,2539,2446,2456,2265,2245,2397,3087,1992,2985,2620,2944,2519
,1978,1151,2006,2076,1696,1556,1848,2638,1567,1872,1021,1770,993,2302,1696,1013,1659,914,733,983,2286,919,2429,1748,2218,1703
,1656,760,1764,1778,1382,982,915,1987,1287,1623,812,1475,882,1947,1405,985,1355,890,1103,1050,2070,915,2218,1541,2012,1496
,2510,1715,2460,2417,2171,1337,880,1104,1940,2267,1788,2199,1840,2584,2109,2067,2130,1904,2015,2003,2801,1956,2778,2315,2735,2182
,3566,2889,3363,3700,3256,2399,1799,1119,2981,3507,3066,3511,3198,3852,3220,3186,3117,3198,3088,3131,3875,2952,3406,3202,3431,3313
,2343,1591,2394,2391,2015,1171,781,1251,1922,2262,1783,2166,1756,2521,2066,1965,1986,1761,1958,1852,2608,1834,2780,2167,2583,2110
,1090,1665,1163,1155,826,1665,1415,2158,726,1001,937,891,1021,1527,848,1175,835,1236,1771,1114,1550,1616,1320,957,1219,760
,4522,3980,4582,4471,4458,3715,3233,3667,4190,4731,3843,4402,3851,4424,4451,4089,4379,3844,3642,3930,4636,3866,5009,4407,4980,4297
,1504,1222,1551,1058,1240,1705,1457,2187,1060,1363,350,1255,244,1825,1277,338,1241,464,1345,307,1357,1212,2100,1285,1995,1160
,1865,1051,1912,1913,1505,677,713,1906,1492,1772,1273,1667,1309,2077,1581,1376,1466,1239,1445,1358,2108,1234,2233,1621,2072,1623
,1725,3319,2149,2134,1742,3308,3096,3753,1883,1896,2800,1556,2882,1562,1712,2900,1988,3028,3475,2984,2337,3501,2175,1800,2165,1931
,1747,1049,1847,1832,1429,707,599,1857,1308,1685,1201,1599,1233,1948,1466,1373,1366,1164,1420,1233,2017,1225,2113,1492,1987,1456
,1403,975,1439,1419,1091,1326,1025,1943,995,1308,780,1151,896,1693,1134,1006,1135,907,1255,941,1783,1105,1903,1268,1727,1153
,2599,1214,2712,2761,2328,948,677,2175,2232,2589,1831,2567,1942,2890,2383,1934,2313,1746,1141,1995,2976,1158,3084,2382,3062,2362
,1733,1035,1894,1879,1523,676,781,1879,1458,1717,1226,1517,1220,2011,1406,1304,1408,1203,1414,1282,2095,1200,2187,1524,2153,1554
,2076,715,2126,2132,1807,447,755,2128,1647,1996,1106,1868,1107,2296,1793,1243,1691,1264,1133,1157,2366,949,2509,1874,2267,1731
,1293,1435,1277,1395,1031,1419,1127,1390,847,1243,807,1126,905,1650,1070,1074,1028,880,1434,886,1721,1287,1439,1142,1173,1076
,1703,1409,1819,1580,1512,1835,1959,2666,1327,1644,875,1523,774,2043,1463,648,1451,755,1291,780,1725,1230,2298,1560,2206,1521
,2169,1784,2067,2211,1817,1522,1229,1242,1730,2098,1665,1926,1747,2504,1869,1778,1705,1620,2154,1675,2481,2008,2001,1994,1968,1845
,2018,451,2140,2115,1784,862,1197,2815,1662,1924,1073,1811,1099,2359,1784,1102,1730,1004,306,1141,2439,352,2543,1883,2346,1807
,1519,1542,1695,1611,1199,1485,1109,1272,1154,1479,980,1416,1047,1885,1345,1166,1356,1109,1653,1076,1889,1490,1783,1349,1553,1264
,1742,764,1829,1797,1441,639,707,1877,1445,1673,994,1425,1022,2044,1557,1153,1467,1072,1137,1089,2089,927,2210,1518,1978,1466
,1915,598,2003,1996,1623,664,901,2128,1531,1823,904,1748,915,2251,1780,995,1704,1001,971,897,2288,778,2468,1718,2218,1687
,1753,1044,1843,1837,1459,677,653,1859,1338,1696,1194,1600,1238,1990,1384,1429,1392,1156,1428,1275,2030,1205,2164,1508,1959,1476
,747,2381,698,1170,768,2407,2128,2434,889,891,1886,423,1904,995,432,2081,925,2120,2694,2153,1292,2555,614,854,420,953
,1389,2969,1811,1817,1414,2981,2746,3452,1514,1529,2476,1177,2583,761,1343,2684,1601,2617,3218,2705,1983,3222,1589,1466,1637,1572
,793,1960,798,817,485,1963,1729,2354,408,654,1361,590,1345,1191,506,1505,488,1646,2299,1425,1152,2143,1275,610,1197,412
,1296,1397,1240,1394,1016,1446,1115,1377,877,1233,816,1144,911,1641,1057,967,1000,963,1505,891,1723,1285,1458,1203,1191,1086
,3285,2591,3534,3434,3015,1980,1523,1339,2954,3339,2816,3220,2929,3697,3118,3098,3132,2870,2723,2979,3728,2616,3542,3296,3706,3091
,2494,1776,2567,2553,2204,1322,908,1320,2161,2484,1995,2333,2033,2854,2285,2103,2186,1953,2090,2123,2814,1936,2935,2298,2917,2254
,1897,589,1971,1966,1639,539,840,2070,1497,1807,900,1584,900,2236,1709,1044,1618,1054,1051,938,2229,819,2416,1720,2169,1593
,1531,3129,1977,1968,1569,3164,2920,3634,1727,1744,2719,1383,2792,1354,1542,2786,1802,2824,3349,2891,2169,3393,2004,1650,2008,1758
,2106,1712,2287,2252,1884,1466,1170,1192,1786,2132,1590,2040,1728,2418,1870,1754,1802,1549,2081,1609,2405,1904,2319,1909,2131,1959
,2226,2097,2083,2345,2027,1748,1401,1030,1772,2146,1720,2060,1860,2527,1968,1908,1719,1779,2546,1815,2597,2213,2127,2010,1953,1971
,1596,3283,1978,2046,1645,3174,2935,3635,1730,1755,2601,1420,2548,1268,1560,2574,1851,2703,3157,2685,2117,3221,2049,1700,2035,1783
,969,2633,1438,1421,1017,2636,2332,2941,1116,1124,2126,789,2154,377,969,2326,1220,2297,2888,2388,1612,2784,1450,1141,1461,1195
