"","placement","Manual.Placement","acm_id","Math.Confidence","Ed_HS","Ed_SomeCol","Ed_Col","HasTutored","SpanishAble","Lang_Other","Male","Other.Gender","Race.Ethnicity.Hispanic","Race.Ethnicity.Asian","Race.Ethnicity.White","Race.Ethnicity.Black","Birth.Date","days_old","Manual.Placement_id","School","size","span","% Hispanic","HSGrad_tgt","SomeCol_tgt","TutExp","SpanishNeed","OtherLang_tgt","Math_tgt","Male_tgt"
"1",1,"107th Street Elementary School","306",1,0,0,1,0,0,0,0,0,0,0,0,1,"11/18/1993",8604,1,"107th Street Elementary School","11","Elementary",0.880733944954128,0.547511312217195,0.597285067873303,0.647058823529412,2.44461224978395,0.547511312217195,3.85746606334842,2.68778280542986
"2",1,"107th Street Elementary School","310",0,0,0,1,0,0,0,0,0,0,0,0,0,"01/17/1994",8544,1,"107th Street Elementary School","11","Elementary",0.880733944954128,0.547511312217195,0.597285067873303,0.647058823529412,2.44461224978395,0.547511312217195,3.85746606334842,2.68778280542986
"3",1,NA,"9032",0,0,0,0,0,0,0,0,0,0,0,0,0,NA,0,NA,"107th Street Elementary School","11","Elementary",0.880733944954128,0.547511312217195,0.597285067873303,0.647058823529412,2.44461224978395,0.547511312217195,3.85746606334842,2.68778280542986
"4",1,NA,"40",0,0,0,1,0,0,0,0,0,1,0,0,0,"03/12/1994",8490,NA,"107th Street Elementary School","11","Elementary",0.880733944954128,0.547511312217195,0.597285067873303,0.647058823529412,2.44461224978395,0.547511312217195,3.85746606334842,2.68778280542986
"5",1,NA,"2",1,0,0,1,0,0,0,1,0,0,0,0,0,"12/25/1994",8202,NA,"107th Street Elementary School","11","Elementary",0.880733944954128,0.547511312217195,0.597285067873303,0.647058823529412,2.44461224978395,0.547511312217195,3.85746606334842,2.68778280542986
"6",1,NA,"116",0,0,0,1,0,0,0,1,0,0,0,0,1,"10/16/1993",8637,NA,"107th Street Elementary School","11","Elementary",0.880733944954128,0.547511312217195,0.597285067873303,0.647058823529412,2.44461224978395,0.547511312217195,3.85746606334842,2.68778280542986
"7",1,NA,"367",1,0,0,1,0,0,0,0,0,1,0,0,0,"11/10/1994",8247,NA,"107th Street Elementary School","11","Elementary",0.880733944954128,0.547511312217195,0.597285067873303,0.647058823529412,2.44461224978395,0.547511312217195,3.85746606334842,2.68778280542986
"8",1,NA,"6",1,0,0,1,0,1,0,0,0,0,0,0,0,"05/14/1994",8427,NA,"107th Street Elementary School","11","Elementary",0.880733944954128,0.547511312217195,0.597285067873303,0.647058823529412,2.44461224978395,0.547511312217195,3.85746606334842,2.68778280542986
"9",1,NA,"9045",0,0,0,0,0,0,0,0,0,0,0,0,0,NA,0,NA,"107th Street Elementary School","11","Elementary",0.880733944954128,0.547511312217195,0.597285067873303,0.647058823529412,2.44461224978395,0.547511312217195,3.85746606334842,2.68778280542986
"10",1,NA,"73",0,0,0,1,0,0,0,0,0,1,0,0,0,"07/15/1993",8730,NA,"107th Street Elementary School","11","Elementary",0.880733944954128,0.547511312217195,0.597285067873303,0.647058823529412,2.44461224978395,0.547511312217195,3.85746606334842,2.68778280542986
"11",1,NA,"22",0,0,0,1,0,0,0,0,0,0,0,0,1,"09/19/1995",7934,NA,"107th Street Elementary School","11","Elementary",0.880733944954128,0.547511312217195,0.597285067873303,0.647058823529412,2.44461224978395,0.547511312217195,3.85746606334842,2.68778280542986
"12",2,NA,"41",0,0,1,0,0,0,0,0,0,0,0,0,0,"03/08/1994",8494,NA,"109th Street ES","6","Elementary",0.822916666666666,0.298642533936652,0.32579185520362,0.352941176470588,1.83657103079438,0.298642533936652,2.10407239819004,1.46606334841629
"13",2,NA,"16",1,0,0,1,0,0,0,1,0,0,1,0,0,"01/10/1995",8186,NA,"109th Street ES","6","Elementary",0.822916666666666,0.298642533936652,0.32579185520362,0.352941176470588,1.83657103079438,0.298642533936652,2.10407239819004,1.46606334841629
"14",2,NA,"9028",0,0,0,0,0,0,0,0,0,0,0,0,0,NA,0,NA,"109th Street ES","6","Elementary",0.822916666666666,0.298642533936652,0.32579185520362,0.352941176470588,1.83657103079438,0.298642533936652,2.10407239819004,1.46606334841629
"15",2,NA,"169",1,0,0,1,0,1,0,0,0,1,0,0,0,"03/29/1995",8108,NA,"109th Street ES","6","Elementary",0.822916666666666,0.298642533936652,0.32579185520362,0.352941176470588,1.83657103079438,0.298642533936652,2.10407239819004,1.46606334841629
"16",2,NA,"67",0,0,0,1,0,0,0,0,0,0,0,0,1,"01/22/1995",8174,NA,"109th Street ES","6","Elementary",0.822916666666666,0.298642533936652,0.32579185520362,0.352941176470588,1.83657103079438,0.298642533936652,2.10407239819004,1.46606334841629
"17",2,NA,"136",1,1,0,0,0,0,0,0,0,0,0,1,0,"10/31/1996",7526,NA,"109th Street ES","6","Elementary",0.822916666666666,0.298642533936652,0.32579185520362,0.352941176470588,1.83657103079438,0.298642533936652,2.10407239819004,1.46606334841629
"18",3,"122nd Street Elementary School","320",1,0,0,1,1,1,0,0,0,1,0,0,0,"05/25/1992",9146,3,"122nd Street Elementary School","9","Elementary",0.80952380952381,0.447963800904977,0.48868778280543,0.529411764705882,1.65461789725629,0.447963800904977,3.15610859728507,2.19909502262443
"19",3,NA,"126",0,0,0,1,0,0,0,0,0,0,0,0,0,"04/21/1995",8085,NA,"122nd Street Elementary School","9","Elementary",0.80952380952381,0.447963800904977,0.48868778280543,0.529411764705882,1.65461789725629,0.447963800904977,3.15610859728507,2.19909502262443
"20",3,NA,"141",1,0,0,1,0,0,0,0,0,0,0,0,1,"05/28/1995",8048,NA,"122nd Street Elementary School","9","Elementary",0.80952380952381,0.447963800904977,0.48868778280543,0.529411764705882,1.65461789725629,0.447963800904977,3.15610859728507,2.19909502262443
"21",3,NA,"177",1,0,0,1,0,0,0,1,0,0,0,0,0,"02/07/1993",8888,NA,"122nd Street Elementary School","9","Elementary",0.80952380952381,0.447963800904977,0.48868778280543,0.529411764705882,1.65461789725629,0.447963800904977,3.15610859728507,2.19909502262443
"22",3,NA,"117",0,0,1,0,0,0,0,0,0,0,0,0,1,"03/31/1993",8836,NA,"122nd Street Elementary School","9","Elementary",0.80952380952381,0.447963800904977,0.48868778280543,0.529411764705882,1.65461789725629,0.447963800904977,3.15610859728507,2.19909502262443
"23",3,NA,"82",1,0,0,1,0,1,0,0,0,1,0,0,0,"06/27/1994",8383,NA,"122nd Street Elementary School","9","Elementary",0.80952380952381,0.447963800904977,0.48868778280543,0.529411764705882,1.65461789725629,0.447963800904977,3.15610859728507,2.19909502262443
"24",3,NA,"9046",0,0,0,0,0,0,0,0,0,0,0,0,0,NA,0,NA,"122nd Street Elementary School","9","Elementary",0.80952380952381,0.447963800904977,0.48868778280543,0.529411764705882,1.65461789725629,0.447963800904977,3.15610859728507,2.19909502262443
"25",3,NA,"9022",0,0,0,0,0,0,0,0,0,0,0,0,0,NA,0,NA,"122nd Street Elementary School","9","Elementary",0.80952380952381,0.447963800904977,0.48868778280543,0.529411764705882,1.65461789725629,0.447963800904977,3.15610859728507,2.19909502262443
"26",3,NA,"8",0,0,0,1,0,0,0,0,0,0,1,0,0,"07/14/1995",8001,NA,"122nd Street Elementary School","9","Elementary",0.80952380952381,0.447963800904977,0.48868778280543,0.529411764705882,1.65461789725629,0.447963800904977,3.15610859728507,2.19909502262443
"27",4,NA,"373",0,0,0,0,0,0,0,0,0,0,0,0,0,NA,0,NA,"93rd Street ES","12","Elementary",0.874074074074074,0.597285067873303,0.65158371040724,0.705882352941176,2.38539610102529,0.597285067873303,4.20814479638009,2.93212669683258
"28",4,NA,"158",0,0,0,1,0,0,0,0,0,0,0,0,1,"09/16/1995",7937,NA,"93rd Street ES","12","Elementary",0.874074074074074,0.597285067873303,0.65158371040724,0.705882352941176,2.38539610102529,0.597285067873303,4.20814479638009,2.93212669683258
"29",4,NA,"9004",0,0,0,0,0,0,0,0,0,0,0,0,0,NA,0,NA,"93rd Street ES","12","Elementary",0.874074074074074,0.597285067873303,0.65158371040724,0.705882352941176,2.38539610102529,0.597285067873303,4.20814479638009,2.93212669683258
"30",4,NA,"9002",0,0,0,0,0,0,0,0,0,0,0,0,0,NA,0,NA,"93rd Street ES","12","Elementary",0.874074074074074,0.597285067873303,0.65158371040724,0.705882352941176,2.38539610102529,0.597285067873303,4.20814479638009,2.93212669683258
"31",4,NA,"9008",0,0,0,0,0,0,0,0,0,0,0,0,0,NA,0,NA,"93rd Street ES","12","Elementary",0.874074074074074,0.597285067873303,0.65158371040724,0.705882352941176,2.38539610102529,0.597285067873303,4.20814479638009,2.93212669683258
"32",4,NA,"129",1,0,0,1,0,0,0,0,0,0,0,1,0,"09/30/1994",8288,NA,"93rd Street ES","12","Elementary",0.874074074074074,0.597285067873303,0.65158371040724,0.705882352941176,2.38539610102529,0.597285067873303,4.20814479638009,2.93212669683258
"33",4,NA,"128",1,0,0,1,0,1,0,0,0,1,0,0,0,"01/07/1995",8189,NA,"93rd Street ES","12","Elementary",0.874074074074074,0.597285067873303,0.65158371040724,0.705882352941176,2.38539610102529,0.597285067873303,4.20814479638009,2.93212669683258
"34",4,"93rd Street ES","322",1,0,0,1,0,0,0,1,0,1,0,0,0,"03/14/1994",8488,4,"93rd Street ES","12","Elementary",0.874074074074074,0.597285067873303,0.65158371040724,0.705882352941176,2.38539610102529,0.597285067873303,4.20814479638009,2.93212669683258
"35",4,NA,"66",1,0,0,1,0,0,0,1,0,0,0,0,0,"12/11/1994",8216,NA,"93rd Street ES","12","Elementary",0.874074074074074,0.597285067873303,0.65158371040724,0.705882352941176,2.38539610102529,0.597285067873303,4.20814479638009,2.93212669683258
"36",4,NA,"9000",0,0,0,0,0,0,0,0,0,0,0,0,0,NA,0,NA,"93rd Street ES","12","Elementary",0.874074074074074,0.597285067873303,0.65158371040724,0.705882352941176,2.38539610102529,0.597285067873303,4.20814479638009,2.93212669683258
"37",4,NA,"9019",0,0,0,0,0,0,0,0,0,0,0,0,0,NA,0,NA,"93rd Street ES","12","Elementary",0.874074074074074,0.597285067873303,0.65158371040724,0.705882352941176,2.38539610102529,0.597285067873303,4.20814479638009,2.93212669683258
"38",4,NA,"9016",0,0,0,0,0,0,0,0,0,0,0,0,0,NA,0,NA,"93rd Street ES","12","Elementary",0.874074074074074,0.597285067873303,0.65158371040724,0.705882352941176,2.38539610102529,0.597285067873303,4.20814479638009,2.93212669683258
"39",5,NA,"13",1,0,0,1,0,0,0,1,0,0,1,0,0,"10/18/1995",7905,NA,"Belmont High School","4","High",0.833876221498371,0,0.217194570135747,0.235294117647059,1.97127815907914,0.199095022624434,2.80542986425339,0.97737556561086
"40",5,NA,"54",0,0,0,1,0,0,0,0,0,0,0,0,1,"01/15/1993",8911,NA,"Belmont High School","4","High",0.833876221498371,0,0.217194570135747,0.235294117647059,1.97127815907914,0.199095022624434,2.80542986425339,0.97737556561086
"41",5,NA,"368",1,0,0,1,0,1,0,0,0,1,0,0,0,"08/17/1993",8697,NA,"Belmont High School","4","High",0.833876221498371,0,0.217194570135747,0.235294117647059,1.97127815907914,0.199095022624434,2.80542986425339,0.97737556561086
"42",5,"Belmont High School","329",1,0,0,1,0,1,0,0,0,0,0,1,0,"11/22/1993",8600,5,"Belmont High School","4","High",0.833876221498371,0,0.217194570135747,0.235294117647059,1.97127815907914,0.199095022624434,2.80542986425339,0.97737556561086
"43",6,"Carver MS","333",1,0,0,1,0,1,0,0,0,1,0,0,0,"01/22/1994",8539,6,"Carver MS","8","Middle",0.899305555555556,0.398190045248869,0.434389140271493,0.470588235294118,2.59888302327502,0.398190045248869,4.20814479638009,1.95475113122172
"44",6,NA,"147",1,0,0,1,0,1,0,0,0,0,0,0,0,"02/28/1993",8867,NA,"Carver MS","8","Middle",0.899305555555556,0.398190045248869,0.434389140271493,0.470588235294118,2.59888302327502,0.398190045248869,4.20814479638009,1.95475113122172
"45",6,NA,"157",1,0,0,1,0,0,0,0,0,0,0,1,0,"05/23/1995",8053,NA,"Carver MS","8","Middle",0.899305555555556,0.398190045248869,0.434389140271493,0.470588235294118,2.59888302327502,0.398190045248869,4.20814479638009,1.95475113122172
"46",6,"Carver MS","332",1,0,0,1,1,0,0,0,0,1,0,0,0,"12/10/1992",8947,6,"Carver MS","8","Middle",0.899305555555556,0.398190045248869,0.434389140271493,0.470588235294118,2.59888302327502,0.398190045248869,4.20814479638009,1.95475113122172
"47",6,NA,"46",0,0,1,0,0,0,0,1,0,0,0,0,1,"06/26/1995",8019,NA,"Carver MS","8","Middle",0.899305555555556,0.398190045248869,0.434389140271493,0.470588235294118,2.59888302327502,0.398190045248869,4.20814479638009,1.95475113122172
"48",6,NA,"9026",0,0,0,0,0,0,0,0,0,0,0,0,0,NA,0,NA,"Carver MS","8","Middle",0.899305555555556,0.398190045248869,0.434389140271493,0.470588235294118,2.59888302327502,0.398190045248869,4.20814479638009,1.95475113122172
"49",6,"Carver MS","331",1,0,0,1,0,1,0,0,0,1,0,0,0,"11/12/1994",8245,6,"Carver MS","8","Middle",0.899305555555556,0.398190045248869,0.434389140271493,0.470588235294118,2.59888302327502,0.398190045248869,4.20814479638009,1.95475113122172
"50",6,NA,"42",0,0,0,1,0,0,0,0,0,0,1,0,0,"08/20/1993",8694,NA,"Carver MS","8","Middle",0.899305555555556,0.398190045248869,0.434389140271493,0.470588235294118,2.59888302327502,0.398190045248869,4.20814479638009,1.95475113122172
"51",8,NA,"3",1,0,0,1,0,1,0,0,0,1,0,0,0,"09/05/1995",7948,NA,"Clinton MS","14","Middle",0.934840425531915,0.69683257918552,0.760180995475113,0.823529411764706,2.85764971810823,0.69683257918552,7.36425339366516,3.42081447963801
"52",8,"Clinton MS","336",0,0,0,1,0,0,0,0,0,1,0,0,0,"04/12/1993",8824,8,"Clinton MS","14","Middle",0.934840425531915,0.69683257918552,0.760180995475113,0.823529411764706,2.85764971810823,0.69683257918552,7.36425339366516,3.42081447963801
"53",8,"Clinton MS","335",1,0,0,1,1,1,0,1,0,1,0,0,0,"03/02/1994",8500,8,"Clinton MS","14","Middle",0.934840425531915,0.69683257918552,0.760180995475113,0.823529411764706,2.85764971810823,0.69683257918552,7.36425339366516,3.42081447963801
"54",8,NA,"115",1,0,0,1,0,1,0,0,0,1,0,0,0,"11/30/1993",8592,NA,"Clinton MS","14","Middle",0.934840425531915,0.69683257918552,0.760180995475113,0.823529411764706,2.85764971810823,0.69683257918552,7.36425339366516,3.42081447963801
"55",8,NA,"70",0,1,0,0,0,0,0,1,0,0,0,1,0,"05/30/1999",6585,NA,"Clinton MS","14","Middle",0.934840425531915,0.69683257918552,0.760180995475113,0.823529411764706,2.85764971810823,0.69683257918552,7.36425339366516,3.42081447963801
"56",8,NA,"167",1,0,0,1,0,0,0,0,0,0,0,0,0,"10/05/1995",7918,NA,"Clinton MS","14","Middle",0.934840425531915,0.69683257918552,0.760180995475113,0.823529411764706,2.85764971810823,0.69683257918552,7.36425339366516,3.42081447963801
"57",8,"Clinton MS","334",1,0,0,1,0,0,0,0,0,0,1,0,0,"07/23/1993",8722,8,"Clinton MS","14","Middle",0.934840425531915,0.69683257918552,0.760180995475113,0.823529411764706,2.85764971810823,0.69683257918552,7.36425339366516,3.42081447963801
"58",8,NA,"152",1,0,0,1,0,0,0,0,0,0,1,0,0,"09/19/1992",9029,NA,"Clinton MS","14","Middle",0.934840425531915,0.69683257918552,0.760180995475113,0.823529411764706,2.85764971810823,0.69683257918552,7.36425339366516,3.42081447963801
"59",8,NA,"97",0,0,0,1,0,0,0,0,0,0,0,1,0,"02/10/1995",8155,NA,"Clinton MS","14","Middle",0.934840425531915,0.69683257918552,0.760180995475113,0.823529411764706,2.85764971810823,0.69683257918552,7.36425339366516,3.42081447963801
"60",8,NA,"153",1,0,0,1,0,0,0,0,0,0,1,0,0,"05/23/1995",8053,NA,"Clinton MS","14","Middle",0.934840425531915,0.69683257918552,0.760180995475113,0.823529411764706,2.85764971810823,0.69683257918552,7.36425339366516,3.42081447963801
"61",8,"Clinton MS","362",0,0,0,0,0,0,0,1,0,0,0,0,0,NA,0,8,"Clinton MS","14","Middle",0.934840425531915,0.69683257918552,0.760180995475113,0.823529411764706,2.85764971810823,0.69683257918552,7.36425339366516,3.42081447963801
"62",8,NA,"174",0,0,0,1,0,0,0,0,0,0,0,0,1,"11/29/1992",8958,NA,"Clinton MS","14","Middle",0.934840425531915,0.69683257918552,0.760180995475113,0.823529411764706,2.85764971810823,0.69683257918552,7.36425339366516,3.42081447963801
"63",8,NA,"9043",0,0,0,0,0,0,0,0,0,0,0,0,0,NA,0,NA,"Clinton MS","14","Middle",0.934840425531915,0.69683257918552,0.760180995475113,0.823529411764706,2.85764971810823,0.69683257918552,7.36425339366516,3.42081447963801
"64",8,NA,"9020",0,0,0,0,0,0,0,0,0,0,0,0,0,NA,0,NA,"Clinton MS","14","Middle",0.934840425531915,0.69683257918552,0.760180995475113,0.823529411764706,2.85764971810823,0.69683257918552,7.36425339366516,3.42081447963801
"65",9,"Compton Avenue ES","313",1,0,0,1,0,1,0,0,0,0,0,0,0,"07/10/1994",8370,9,"Compton Avenue ES","7","Elementary",0.72093023255814,0.34841628959276,0.380090497737557,0.411764705882353,1,0.34841628959276,2.45475113122172,1.710407239819
"66",9,NA,"35",1,1,0,0,0,0,0,1,0,0,0,1,0,"07/18/1999",6536,NA,"Compton Avenue ES","7","Elementary",0.72093023255814,0.34841628959276,0.380090497737557,0.411764705882353,1,0.34841628959276,2.45475113122172,1.710407239819
"67",9,NA,"9039",0,0,0,0,0,0,0,0,0,0,0,0,0,NA,0,NA,"Compton Avenue ES","7","Elementary",0.72093023255814,0.34841628959276,0.380090497737557,0.411764705882353,1,0.34841628959276,2.45475113122172,1.710407239819
"68",9,NA,"9029",0,0,0,0,0,0,0,0,0,0,0,0,0,NA,0,NA,"Compton Avenue ES","7","Elementary",0.72093023255814,0.34841628959276,0.380090497737557,0.411764705882353,1,0.34841628959276,2.45475113122172,1.710407239819
"69",9,NA,"9025",0,0,0,0,0,0,0,0,0,0,0,0,0,NA,0,NA,"Compton Avenue ES","7","Elementary",0.72093023255814,0.34841628959276,0.380090497737557,0.411764705882353,1,0.34841628959276,2.45475113122172,1.710407239819
"70",9,NA,"77",1,0,0,1,0,1,0,0,0,0,0,0,0,"05/22/1995",8054,NA,"Compton Avenue ES","7","Elementary",0.72093023255814,0.34841628959276,0.380090497737557,0.411764705882353,1,0.34841628959276,2.45475113122172,1.710407239819
"71",9,"Compton Avenue ES","328",0,0,0,1,0,0,0,0,0,1,0,0,0,"11/07/1994",8250,9,"Compton Avenue ES","7","Elementary",0.72093023255814,0.34841628959276,0.380090497737557,0.411764705882353,1,0.34841628959276,2.45475113122172,1.710407239819
"72",10,NA,"85",0,0,0,1,0,0,0,1,0,1,0,0,0,"09/19/1995",7934,NA,"Gompers MS","7","Middle",0.85,0.34841628959276,0.380090497737557,0.411764705882353,2.15063677717841,0.34841628959276,3.68212669683258,1.710407239819
"73",10,"Gompers MS","338",0,0,0,1,0,0,0,0,0,1,0,0,0,"10/24/1994",8264,10,"Gompers MS","7","Middle",0.85,0.34841628959276,0.380090497737557,0.411764705882353,2.15063677717841,0.34841628959276,3.68212669683258,1.710407239819
"74",10,NA,"162",1,0,0,1,0,1,0,0,0,0,0,0,0,"08/11/1995",7973,NA,"Gompers MS","7","Middle",0.85,0.34841628959276,0.380090497737557,0.411764705882353,2.15063677717841,0.34841628959276,3.68212669683258,1.710407239819
"75",10,NA,"11",0,0,0,1,0,0,0,0,0,0,0,0,1,"01/17/1994",8544,NA,"Gompers MS","7","Middle",0.85,0.34841628959276,0.380090497737557,0.411764705882353,2.15063677717841,0.34841628959276,3.68212669683258,1.710407239819
"76",10,NA,"93",1,0,0,1,0,0,0,0,0,0,0,1,0,"07/24/1994",8356,NA,"Gompers MS","7","Middle",0.85,0.34841628959276,0.380090497737557,0.411764705882353,2.15063677717841,0.34841628959276,3.68212669683258,1.710407239819
"77",10,NA,"24",1,1,0,0,0,1,0,0,0,0,0,0,0,"02/20/1999",6684,NA,"Gompers MS","7","Middle",0.85,0.34841628959276,0.380090497737557,0.411764705882353,2.15063677717841,0.34841628959276,3.68212669683258,1.710407239819
"78",10,NA,"14",1,0,0,1,0,0,0,0,0,0,1,0,0,"10/31/1995",7892,NA,"Gompers MS","7","Middle",0.85,0.34841628959276,0.380090497737557,0.411764705882353,2.15063677717841,0.34841628959276,3.68212669683258,1.710407239819
"79",11,"Hollenbeck MS","348",1,0,1,0,1,0,0,0,0,0,0,1,0,"03/26/1996",7745,11,"Hollenbeck MS","7","Middle",0.984871406959153,0.34841628959276,0.380090497737557,0.411764705882353,3.16225692745419,0.34841628959276,3.68212669683258,1.710407239819
"80",11,NA,"9010",0,0,0,0,0,0,0,0,0,0,0,0,0,NA,0,NA,"Hollenbeck MS","7","Middle",0.984871406959153,0.34841628959276,0.380090497737557,0.411764705882353,3.16225692745419,0.34841628959276,3.68212669683258,1.710407239819
"81",11,NA,"57",1,0,0,1,0,1,0,0,1,1,0,0,0,"11/24/1995",7868,NA,"Hollenbeck MS","7","Middle",0.984871406959153,0.34841628959276,0.380090497737557,0.411764705882353,3.16225692745419,0.34841628959276,3.68212669683258,1.710407239819
"82",11,NA,"4",1,0,0,1,0,1,0,0,0,1,0,0,0,"01/06/1996",7825,NA,"Hollenbeck MS","7","Middle",0.984871406959153,0.34841628959276,0.380090497737557,0.411764705882353,3.16225692745419,0.34841628959276,3.68212669683258,1.710407239819
"83",11,"Hollenbeck MS","339",1,0,0,1,0,0,0,1,0,0,0,1,0,"03/11/1994",8491,11,"Hollenbeck MS","7","Middle",0.984871406959153,0.34841628959276,0.380090497737557,0.411764705882353,3.16225692745419,0.34841628959276,3.68212669683258,1.710407239819
"84",11,NA,"9038",0,0,0,0,0,0,0,0,0,0,0,0,0,NA,0,NA,"Hollenbeck MS","7","Middle",0.984871406959153,0.34841628959276,0.380090497737557,0.411764705882353,3.16225692745419,0.34841628959276,3.68212669683258,1.710407239819
"85",11,NA,"118",0,0,0,1,0,0,0,0,0,0,0,0,0,"04/20/1995",8086,NA,"Hollenbeck MS","7","Middle",0.984871406959153,0.34841628959276,0.380090497737557,0.411764705882353,3.16225692745419,0.34841628959276,3.68212669683258,1.710407239819
"86",12,NA,"9049",0,0,0,0,0,0,0,0,0,0,0,0,0,NA,0,NA,"Jefferson HS","6","High",0.87468671679198,0,0.32579185520362,0.352941176470588,2.39093721180301,0.298642533936652,4.20814479638009,1.46606334841629
"87",12,"Jefferson HS","363",1,0,0,1,1,0,0,0,0,0,0,0,1,"07/25/1991",9451,12,"Jefferson HS","6","High",0.87468671679198,0,0.32579185520362,0.352941176470588,2.39093721180301,0.298642533936652,4.20814479638009,1.46606334841629
"88",12,"Jefferson HS","124",1,0,0,1,0,0,0,0,0,1,0,0,0,"10/14/1994",8274,12,"Jefferson HS","6","High",0.87468671679198,0,0.32579185520362,0.352941176470588,2.39093721180301,0.298642533936652,4.20814479638009,1.46606334841629
"89",12,"Jefferson HS","361",1,0,0,1,0,0,0,0,0,0,0,1,0,"03/28/1994",8474,12,"Jefferson HS","6","High",0.87468671679198,0,0.32579185520362,0.352941176470588,2.39093721180301,0.298642533936652,4.20814479638009,1.46606334841629
"90",12,NA,"34",1,0,0,1,0,1,0,0,0,1,0,0,0,"11/09/1995",7883,NA,"Jefferson HS","6","High",0.87468671679198,0,0.32579185520362,0.352941176470588,2.39093721180301,0.298642533936652,4.20814479638009,1.46606334841629
"91",12,NA,"38",0,0,0,1,0,1,0,1,0,0,0,0,0,"09/09/1993",8674,NA,"Jefferson HS","6","High",0.87468671679198,0,0.32579185520362,0.352941176470588,2.39093721180301,0.298642533936652,4.20814479638009,1.46606334841629
"92",13,NA,"138",1,0,0,1,0,0,0,0,0,1,0,0,0,"05/06/2016",399,NA,"John Liechty Middle School","7","Middle",0.954379562043796,0.34841628959276,0.380090497737557,0.411764705882353,2.98370150912644,0.34841628959276,3.68212669683258,1.710407239819
"93",13,NA,"98",1,0,0,1,0,0,0,0,0,1,0,0,0,"09/10/1995",7943,NA,"John Liechty Middle School","7","Middle",0.954379562043796,0.34841628959276,0.380090497737557,0.411764705882353,2.98370150912644,0.34841628959276,3.68212669683258,1.710407239819
"94",13,NA,"80",1,0,0,1,0,1,0,0,0,0,0,0,1,"03/06/1995",8131,NA,"John Liechty Middle School","7","Middle",0.954379562043796,0.34841628959276,0.380090497737557,0.411764705882353,2.98370150912644,0.34841628959276,3.68212669683258,1.710407239819
"95",13,NA,"175",1,0,0,1,0,1,0,0,0,1,0,0,0,"03/24/1995",8113,NA,"John Liechty Middle School","7","Middle",0.954379562043796,0.34841628959276,0.380090497737557,0.411764705882353,2.98370150912644,0.34841628959276,3.68212669683258,1.710407239819
"96",13,"John Liechty Middle School","315",1,0,0,1,0,0,0,1,0,1,0,0,0,"04/14/1994",8457,13,"John Liechty Middle School","7","Middle",0.954379562043796,0.34841628959276,0.380090497737557,0.411764705882353,2.98370150912644,0.34841628959276,3.68212669683258,1.710407239819
"97",13,NA,"45",0,0,0,1,0,0,0,0,0,0,0,1,0,"08/14/1995",7970,NA,"John Liechty Middle School","7","Middle",0.954379562043796,0.34841628959276,0.380090497737557,0.411764705882353,2.98370150912644,0.34841628959276,3.68212669683258,1.710407239819
"98",13,NA,"145",1,0,0,1,0,0,1,0,0,0,0,0,1,"03/02/1993",8865,NA,"John Liechty Middle School","7","Middle",0.954379562043796,0.34841628959276,0.380090497737557,0.411764705882353,2.98370150912644,0.34841628959276,3.68212669683258,1.710407239819
"99",14,NA,"9040",0,0,0,0,0,0,0,0,0,0,0,0,0,NA,0,NA,"Jordan HS","7","High",0.831632653061224,0,0.380090497737557,0.411764705882353,1.94462262547021,0.34841628959276,4.90950226244344,1.710407239819
"100",14,"Jordan HS","342",1,0,0,1,0,0,0,0,0,1,0,0,0,"10/26/1993",8627,14,"Jordan HS","7","High",0.831632653061224,0,0.380090497737557,0.411764705882353,1.94462262547021,0.34841628959276,4.90950226244344,1.710407239819
"101",14,NA,"142",1,0,0,1,0,1,0,0,0,1,0,0,0,"03/17/1993",8850,NA,"Jordan HS","7","High",0.831632653061224,0,0.380090497737557,0.411764705882353,1.94462262547021,0.34841628959276,4.90950226244344,1.710407239819
"102",14,NA,"120",1,0,0,1,0,0,0,0,1,0,1,0,0,"02/27/1995",8138,NA,"Jordan HS","7","High",0.831632653061224,0,0.380090497737557,0.411764705882353,1.94462262547021,0.34841628959276,4.90950226244344,1.710407239819
"103",14,"Jordan HS","343",1,0,0,1,0,0,0,0,0,0,0,0,0,"05/30/1995",8046,14,"Jordan HS","7","High",0.831632653061224,0,0.380090497737557,0.411764705882353,1.94462262547021,0.34841628959276,4.90950226244344,1.710407239819
"104",14,NA,"9005",0,0,0,0,0,0,0,0,0,0,0,0,0,NA,0,NA,"Jordan HS","7","High",0.831632653061224,0,0.380090497737557,0.411764705882353,1.94462262547021,0.34841628959276,4.90950226244344,1.710407239819
"105",14,NA,"21",1,0,0,1,0,0,0,1,0,0,0,0,1,"10/22/1993",8631,NA,"Jordan HS","7","High",0.831632653061224,0,0.380090497737557,0.411764705882353,1.94462262547021,0.34841628959276,4.90950226244344,1.710407239819
"106",15,"Alain LeRoy Locke College Preparatory Academy","325",1,0,0,1,0,1,0,1,0,1,0,0,0,"06/02/1994",8408,15,"Alain LeRoy Locke College Preparatory Academy","12","High",0.85,0,0.65158371040724,0.705882352941176,2.15063677717841,0.597285067873303,8.41628959276018,2.93212669683258
"107",15,NA,"9035",0,0,0,0,0,0,0,0,0,0,0,0,0,NA,0,NA,"Alain LeRoy Locke College Preparatory Academy","12","High",0.85,0,0.65158371040724,0.705882352941176,2.15063677717841,0.597285067873303,8.41628959276018,2.93212669683258
"108",15,NA,"137",0,0,0,1,0,0,0,0,0,1,0,0,0,"11/28/1995",7864,NA,"Alain LeRoy Locke College Preparatory Academy","12","High",0.85,0,0.65158371040724,0.705882352941176,2.15063677717841,0.597285067873303,8.41628959276018,2.93212669683258
"109",15,NA,"10",1,0,1,0,0,0,1,0,0,0,0,0,1,"08/10/1998",6878,NA,"Alain LeRoy Locke College Preparatory Academy","12","High",0.85,0,0.65158371040724,0.705882352941176,2.15063677717841,0.597285067873303,8.41628959276018,2.93212669683258
"110",15,NA,"9023",0,0,0,0,0,0,0,0,0,0,0,0,0,NA,0,NA,"Alain LeRoy Locke College Preparatory Academy","12","High",0.85,0,0.65158371040724,0.705882352941176,2.15063677717841,0.597285067873303,8.41628959276018,2.93212669683258
"111",15,NA,"20",1,0,0,1,0,0,0,0,0,0,1,0,0,"03/24/1995",8113,NA,"Alain LeRoy Locke College Preparatory Academy","12","High",0.85,0,0.65158371040724,0.705882352941176,2.15063677717841,0.597285067873303,8.41628959276018,2.93212669683258
"112",15,"Alain LeRoy Locke College Preparatory Academy","326",1,0,0,1,1,1,0,1,0,1,0,0,0,"12/06/1992",8951,15,"Alain LeRoy Locke College Preparatory Academy","12","High",0.85,0,0.65158371040724,0.705882352941176,2.15063677717841,0.597285067873303,8.41628959276018,2.93212669683258
"113",15,"Alain LeRoy Locke College Preparatory Academy","317",1,0,0,1,1,1,0,1,0,1,0,0,0,"08/29/1995",7955,15,"Alain LeRoy Locke College Preparatory Academy","12","High",0.85,0,0.65158371040724,0.705882352941176,2.15063677717841,0.597285067873303,8.41628959276018,2.93212669683258
"114",15,NA,"135",1,0,0,1,0,0,0,0,0,0,0,0,0,"06/06/1995",8039,NA,"Alain LeRoy Locke College Preparatory Academy","12","High",0.85,0,0.65158371040724,0.705882352941176,2.15063677717841,0.597285067873303,8.41628959276018,2.93212669683258
"115",15,NA,"323",1,0,0,1,0,0,0,0,0,0,0,1,0,"07/11/1995",8004,NA,"Alain LeRoy Locke College Preparatory Academy","12","High",0.85,0,0.65158371040724,0.705882352941176,2.15063677717841,0.597285067873303,8.41628959276018,2.93212669683258
"116",15,"Alain LeRoy Locke College Preparatory Academy","327",1,0,0,1,0,0,0,0,0,1,0,0,0,"12/10/1993",8582,15,"Alain LeRoy Locke College Preparatory Academy","12","High",0.85,0,0.65158371040724,0.705882352941176,2.15063677717841,0.597285067873303,8.41628959276018,2.93212669683258
"117",15,NA,"9042",0,0,0,0,0,0,0,0,0,0,0,0,0,NA,0,NA,"Alain LeRoy Locke College Preparatory Academy","12","High",0.85,0,0.65158371040724,0.705882352941176,2.15063677717841,0.597285067873303,8.41628959276018,2.93212669683258
"118",16,NA,"107",1,0,0,1,0,0,0,0,0,1,0,0,0,"08/29/1994",8320,NA,"Manual Arts High School","10","High",0.838046272493573,0,0.542986425339367,0.588235294117647,2.01965606257457,0.497737556561086,7.01357466063348,2.44343891402715
"119",16,NA,"96",1,0,0,1,0,0,0,0,0,0,0,1,0,"05/15/1995",8061,NA,"Manual Arts High School","10","High",0.838046272493573,0,0.542986425339367,0.588235294117647,2.01965606257457,0.497737556561086,7.01357466063348,2.44343891402715
"120",16,NA,"72",1,0,0,1,0,0,0,0,0,0,1,0,0,"09/20/1995",7933,NA,"Manual Arts High School","10","High",0.838046272493573,0,0.542986425339367,0.588235294117647,2.01965606257457,0.497737556561086,7.01357466063348,2.44343891402715
"121",16,NA,"17",1,0,0,1,0,0,0,0,0,0,0,0,1,"01/16/1995",8180,NA,"Manual Arts High School","10","High",0.838046272493573,0,0.542986425339367,0.588235294117647,2.01965606257457,0.497737556561086,7.01357466063348,2.44343891402715
"122",16,NA,"9018",0,0,0,0,0,0,0,0,0,0,0,0,0,NA,0,NA,"Manual Arts High School","10","High",0.838046272493573,0,0.542986425339367,0.588235294117647,2.01965606257457,0.497737556561086,7.01357466063348,2.44343891402715
"123",16,NA,"59",1,0,0,1,0,1,0,1,0,0,0,0,0,"03/14/1995",8123,NA,"Manual Arts High School","10","High",0.838046272493573,0,0.542986425339367,0.588235294117647,2.01965606257457,0.497737556561086,7.01357466063348,2.44343891402715
"124",16,"Manual Arts High School","364",0,0,0,1,0,0,0,0,0,1,0,0,0,"09/17/1993",8666,16,"Manual Arts High School","10","High",0.838046272493573,0,0.542986425339367,0.588235294117647,2.01965606257457,0.497737556561086,7.01357466063348,2.44343891402715
"125",16,"Manual Arts High School","344",1,0,0,1,1,1,0,1,0,1,0,0,0,"04/29/1993",8807,16,"Manual Arts High School","10","High",0.838046272493573,0,0.542986425339367,0.588235294117647,2.01965606257457,0.497737556561086,7.01357466063348,2.44343891402715
"126",16,NA,"109",0,0,0,1,0,0,0,0,0,0,0,0,1,"12/08/1995",7854,NA,"Manual Arts High School","10","High",0.838046272493573,0,0.542986425339367,0.588235294117647,2.01965606257457,0.497737556561086,7.01357466063348,2.44343891402715
"127",16,NA,"144",1,0,0,1,0,0,0,0,0,0,0,0,1,"01/04/1994",8557,NA,"Manual Arts High School","10","High",0.838046272493573,0,0.542986425339367,0.588235294117647,2.01965606257457,0.497737556561086,7.01357466063348,2.44343891402715
"128",17,"Markham MS","349",1,0,0,1,0,0,0,0,0,0,0,0,0,"12/04/1992",8953,17,"Markham MS","7","Middle",0.722986247544204,0.34841628959276,0.380090497737557,0.411764705882353,1,0.34841628959276,3.68212669683258,1.710407239819
"129",17,"Markham MS","346",1,0,0,1,1,1,0,0,0,1,0,0,0,"07/12/1993",8733,17,"Markham MS","7","Middle",0.722986247544204,0.34841628959276,0.380090497737557,0.411764705882353,1,0.34841628959276,3.68212669683258,1.710407239819
"130",17,NA,"9027",0,0,0,0,0,0,0,0,0,0,0,0,0,NA,0,NA,"Markham MS","7","Middle",0.722986247544204,0.34841628959276,0.380090497737557,0.411764705882353,1,0.34841628959276,3.68212669683258,1.710407239819
"131",17,"Markham MS","347",1,0,0,1,0,0,0,0,0,0,0,0,1,"01/29/1994",8532,17,"Markham MS","7","Middle",0.722986247544204,0.34841628959276,0.380090497737557,0.411764705882353,1,0.34841628959276,3.68212669683258,1.710407239819
"132",17,NA,"102",0,0,0,1,0,0,0,1,0,0,0,0,1,"04/26/1994",8445,NA,"Markham MS","7","Middle",0.722986247544204,0.34841628959276,0.380090497737557,0.411764705882353,1,0.34841628959276,3.68212669683258,1.710407239819
"133",17,"Markham MS","350",1,0,0,1,0,1,0,0,0,1,0,0,0,"06/23/1993",8752,17,"Markham MS","7","Middle",0.722986247544204,0.34841628959276,0.380090497737557,0.411764705882353,1,0.34841628959276,3.68212669683258,1.710407239819
"134",17,NA,"170",1,0,0,1,0,0,0,1,0,0,1,0,0,"04/03/1995",8103,NA,"Markham MS","7","Middle",0.722986247544204,0.34841628959276,0.380090497737557,0.411764705882353,1,0.34841628959276,3.68212669683258,1.710407239819
"135",18,NA,"9050",0,0,0,0,0,0,0,0,0,0,0,0,0,NA,0,NA,"Mendez High School","9","High",0.978313253012048,0,0.48868778280543,0.529411764705882,3.12552301508839,0.447963800904977,6.31221719457014,2.19909502262443
"136",18,NA,"127",1,0,0,1,0,0,0,0,0,0,1,0,0,"08/22/1994",8327,NA,"Mendez High School","9","High",0.978313253012048,0,0.48868778280543,0.529411764705882,3.12552301508839,0.447963800904977,6.31221719457014,2.19909502262443
"137",18,NA,"64",1,0,0,1,0,1,0,0,0,1,0,0,0,"01/11/1995",8185,NA,"Mendez High School","9","High",0.978313253012048,0,0.48868778280543,0.529411764705882,3.12552301508839,0.447963800904977,6.31221719457014,2.19909502262443
"138",18,NA,"90",1,0,0,1,0,0,0,0,0,0,0,0,0,"02/07/1995",8158,NA,"Mendez High School","9","High",0.978313253012048,0,0.48868778280543,0.529411764705882,3.12552301508839,0.447963800904977,6.31221719457014,2.19909502262443
"139",18,NA,"9037",0,0,0,0,0,0,0,0,0,0,0,0,0,NA,0,NA,"Mendez High School","9","High",0.978313253012048,0,0.48868778280543,0.529411764705882,3.12552301508839,0.447963800904977,6.31221719457014,2.19909502262443
"140",18,NA,"9021",0,0,0,0,0,0,0,0,0,0,0,0,0,NA,0,NA,"Mendez High School","9","High",0.978313253012048,0,0.48868778280543,0.529411764705882,3.12552301508839,0.447963800904977,6.31221719457014,2.19909502262443
"141",18,NA,"86",1,0,0,1,0,0,1,1,0,0,1,0,0,"09/21/1991",9393,NA,"Mendez High School","9","High",0.978313253012048,0,0.48868778280543,0.529411764705882,3.12552301508839,0.447963800904977,6.31221719457014,2.19909502262443
"142",18,NA,"171",1,0,0,1,0,1,0,0,0,1,0,0,0,"06/20/1995",8025,NA,"Mendez High School","9","High",0.978313253012048,0,0.48868778280543,0.529411764705882,3.12552301508839,0.447963800904977,6.31221719457014,2.19909502262443
"143",18,"Mendez High School","341",1,0,0,1,0,0,0,1,0,0,0,1,0,"11/04/1993",8618,18,"Mendez High School","9","High",0.978313253012048,0,0.48868778280543,0.529411764705882,3.12552301508839,0.447963800904977,6.31221719457014,2.19909502262443
"144",19,"Nava College Prep","351",1,0,0,1,0,0,0,0,0,0,0,0,0,"07/28/1994",8352,19,"Nava College Prep","6","High",0.95360824742268,0,0.32579185520362,0.352941176470588,2.97891195184719,0.298642533936652,4.20814479638009,1.46606334841629
"145",19,NA,"164",1,0,0,1,0,1,0,0,0,0,0,0,0,"10/04/1995",7919,NA,"Nava College Prep","6","High",0.95360824742268,0,0.32579185520362,0.352941176470588,2.97891195184719,0.298642533936652,4.20814479638009,1.46606334841629
"146",19,NA,"149",1,0,0,1,0,0,1,0,0,0,1,0,0,"05/02/1996",7708,NA,"Nava College Prep","6","High",0.95360824742268,0,0.32579185520362,0.352941176470588,2.97891195184719,0.298642533936652,4.20814479638009,1.46606334841629
"147",19,NA,"159",1,0,0,1,0,1,0,0,0,1,0,0,0,"05/30/1995",8046,NA,"Nava College Prep","6","High",0.95360824742268,0,0.32579185520362,0.352941176470588,2.97891195184719,0.298642533936652,4.20814479638009,1.46606334841629
"148",19,NA,"28",0,0,1,0,0,0,0,0,0,0,0,0,1,"10/19/1993",8634,NA,"Nava College Prep","6","High",0.95360824742268,0,0.32579185520362,0.352941176470588,2.97891195184719,0.298642533936652,4.20814479638009,1.46606334841629
"149",19,"Nava College Prep","352",1,0,0,1,0,0,0,1,0,1,0,0,0,"08/07/1994",8342,19,"Nava College Prep","6","High",0.95360824742268,0,0.32579185520362,0.352941176470588,2.97891195184719,0.298642533936652,4.20814479638009,1.46606334841629
"150",20,NA,"121",1,0,0,1,0,0,0,1,0,0,1,0,0,"01/08/1995",8188,NA,"Normandie Avenue ES","12","Elementary",0.817518248175182,0.597285067873303,0.65158371040724,0.705882352941176,1.76573425690758,0.597285067873303,4.20814479638009,2.93212669683258
"151",20,NA,"7",1,0,0,1,0,1,0,0,0,1,0,0,0,"04/07/1995",8099,NA,"Normandie Avenue ES","12","Elementary",0.817518248175182,0.597285067873303,0.65158371040724,0.705882352941176,1.76573425690758,0.597285067873303,4.20814479638009,2.93212669683258
"152",20,NA,"58",0,0,1,0,0,0,0,0,0,0,0,0,1,"04/22/1997",7353,NA,"Normandie Avenue ES","12","Elementary",0.817518248175182,0.597285067873303,0.65158371040724,0.705882352941176,1.76573425690758,0.597285067873303,4.20814479638009,2.93212669683258
"153",20,NA,"9036",0,0,0,0,0,0,0,0,0,0,0,0,0,NA,0,NA,"Normandie Avenue ES","12","Elementary",0.817518248175182,0.597285067873303,0.65158371040724,0.705882352941176,1.76573425690758,0.597285067873303,4.20814479638009,2.93212669683258
"154",20,NA,"166",1,0,0,1,0,1,0,1,0,0,0,1,0,"09/20/1994",8298,NA,"Normandie Avenue ES","12","Elementary",0.817518248175182,0.597285067873303,0.65158371040724,0.705882352941176,1.76573425690758,0.597285067873303,4.20814479638009,2.93212669683258
"155",20,"Normandie Avenue ES","314",0,0,0,1,0,0,0,0,0,0,0,0,1,"08/01/1992",9078,20,"Normandie Avenue ES","12","Elementary",0.817518248175182,0.597285067873303,0.65158371040724,0.705882352941176,1.76573425690758,0.597285067873303,4.20814479638009,2.93212669683258
"156",20,NA,"61",1,0,0,1,0,0,0,0,0,0,0,0,0,"04/08/1995",8098,NA,"Normandie Avenue ES","12","Elementary",0.817518248175182,0.597285067873303,0.65158371040724,0.705882352941176,1.76573425690758,0.597285067873303,4.20814479638009,2.93212669683258
"157",20,NA,"83",0,0,0,1,0,0,0,0,0,1,0,0,0,"07/17/1995",7998,NA,"Normandie Avenue ES","12","Elementary",0.817518248175182,0.597285067873303,0.65158371040724,0.705882352941176,1.76573425690758,0.597285067873303,4.20814479638009,2.93212669683258
"158",20,NA,"9009",0,0,0,0,0,0,0,0,0,0,0,0,0,NA,0,NA,"Normandie Avenue ES","12","Elementary",0.817518248175182,0.597285067873303,0.65158371040724,0.705882352941176,1.76573425690758,0.597285067873303,4.20814479638009,2.93212669683258
"159",20,NA,"9012",0,0,0,0,0,0,0,0,0,0,0,0,0,NA,0,NA,"Normandie Avenue ES","12","Elementary",0.817518248175182,0.597285067873303,0.65158371040724,0.705882352941176,1.76573425690758,0.597285067873303,4.20814479638009,2.93212669683258
"160",20,"Normandie Avenue ES","353",1,0,0,1,0,0,0,0,0,0,0,1,0,"03/25/1993",8842,20,"Normandie Avenue ES","12","Elementary",0.817518248175182,0.597285067873303,0.65158371040724,0.705882352941176,1.76573425690758,0.597285067873303,4.20814479638009,2.93212669683258
"161",20,NA,"104",0,0,0,1,0,0,0,0,0,0,0,0,1,"12/29/1995",7833,NA,"Normandie Avenue ES","12","Elementary",0.817518248175182,0.597285067873303,0.65158371040724,0.705882352941176,1.76573425690758,0.597285067873303,4.20814479638009,2.93212669683258
"162",21,NA,"110",0,0,1,0,0,0,0,1,0,0,0,0,1,"02/28/1993",8867,NA,"NOW Academy","10","Elementary",0.85,0.497737556561086,0.542986425339367,0.588235294117647,2.15063677717841,0.497737556561086,3.50678733031674,2.44343891402715
"163",21,"NOW Academy","355",0,1,0,0,0,0,0,0,0,0,1,0,0,"10/01/1991",9383,21,"NOW Academy","10","Elementary",0.85,0.497737556561086,0.542986425339367,0.588235294117647,2.15063677717841,0.497737556561086,3.50678733031674,2.44343891402715
"164",21,NA,"19",1,0,0,1,0,1,0,0,0,1,0,0,0,"02/04/1995",8161,NA,"NOW Academy","10","Elementary",0.85,0.497737556561086,0.542986425339367,0.588235294117647,2.15063677717841,0.497737556561086,3.50678733031674,2.44343891402715
"165",21,NA,"123",0,0,0,1,0,0,0,1,0,0,0,0,0,"05/16/1995",8060,NA,"NOW Academy","10","Elementary",0.85,0.497737556561086,0.542986425339367,0.588235294117647,2.15063677717841,0.497737556561086,3.50678733031674,2.44343891402715
"166",21,NA,"94",1,0,0,1,0,1,0,1,0,0,0,0,0,"10/12/1995",7911,NA,"NOW Academy","10","Elementary",0.85,0.497737556561086,0.542986425339367,0.588235294117647,2.15063677717841,0.497737556561086,3.50678733031674,2.44343891402715
"167",21,NA,"163",1,0,0,1,0,1,0,0,0,0,0,0,0,"03/15/1995",8122,NA,"NOW Academy","10","Elementary",0.85,0.497737556561086,0.542986425339367,0.588235294117647,2.15063677717841,0.497737556561086,3.50678733031674,2.44343891402715
"168",21,NA,"30",0,0,0,1,0,0,0,0,0,0,0,1,0,"04/19/1993",8817,NA,"NOW Academy","10","Elementary",0.85,0.497737556561086,0.542986425339367,0.588235294117647,2.15063677717841,0.497737556561086,3.50678733031674,2.44343891402715
"169",21,NA,"9041",0,0,0,0,0,0,0,0,0,0,0,0,0,NA,0,NA,"NOW Academy","10","Elementary",0.85,0.497737556561086,0.542986425339367,0.588235294117647,2.15063677717841,0.497737556561086,3.50678733031674,2.44343891402715
"170",21,NA,"112",1,0,0,1,0,0,0,1,0,0,0,1,0,"07/12/1994",8368,NA,"NOW Academy","10","Elementary",0.85,0.497737556561086,0.542986425339367,0.588235294117647,2.15063677717841,0.497737556561086,3.50678733031674,2.44343891402715
"171",21,"NOW Academy","318",1,0,0,1,1,0,0,0,0,1,0,0,0,"04/10/1994",8461,21,"NOW Academy","10","Elementary",0.85,0.497737556561086,0.542986425339367,0.588235294117647,2.15063677717841,0.497737556561086,3.50678733031674,2.44343891402715
"172",22,NA,"372",1,0,0,1,0,0,0,1,0,1,0,0,0,"10/07/1992",9011,NA,"Obama Global Prep","8","High",0.85,0,0.434389140271493,0.470588235294118,2.15063677717841,0.398190045248869,5.61085972850679,1.95475113122172
"173",22,NA,"122",1,0,0,1,0,0,0,0,0,0,0,0,1,"03/01/1994",8501,NA,"Obama Global Prep","8","High",0.85,0,0.434389140271493,0.470588235294118,2.15063677717841,0.398190045248869,5.61085972850679,1.95475113122172
"174",22,NA,"9013",0,0,0,0,0,0,0,0,0,0,0,0,0,NA,0,NA,"Obama Global Prep","8","High",0.85,0,0.434389140271493,0.470588235294118,2.15063677717841,0.398190045248869,5.61085972850679,1.95475113122172
"175",22,"Obama Global Prep","337",1,0,0,1,0,0,0,0,0,0,0,1,0,"01/18/1994",8543,22,"Obama Global Prep","8","High",0.85,0,0.434389140271493,0.470588235294118,2.15063677717841,0.398190045248869,5.61085972850679,1.95475113122172
"176",22,NA,"37",1,0,0,1,0,0,1,0,0,0,1,0,0,"02/19/1995",8146,NA,"Obama Global Prep","8","High",0.85,0,0.434389140271493,0.470588235294118,2.15063677717841,0.398190045248869,5.61085972850679,1.95475113122172
"177",22,NA,"32",0,0,0,1,0,0,0,0,0,0,0,0,0,"02/10/1996",7790,NA,"Obama Global Prep","8","High",0.85,0,0.434389140271493,0.470588235294118,2.15063677717841,0.398190045248869,5.61085972850679,1.95475113122172
"178",22,NA,"9024",0,0,0,0,0,0,0,0,0,0,0,0,0,NA,0,NA,"Obama Global Prep","8","High",0.85,0,0.434389140271493,0.470588235294118,2.15063677717841,0.398190045248869,5.61085972850679,1.95475113122172
"179",22,NA,"43",1,0,0,1,0,1,0,0,0,1,0,0,0,"11/04/1994",8253,NA,"Obama Global Prep","8","High",0.85,0,0.434389140271493,0.470588235294118,2.15063677717841,0.398190045248869,5.61085972850679,1.95475113122172
"180",23,NA,"92",1,0,0,1,0,0,0,1,0,0,0,1,0,"09/22/1995",7931,NA,"Roosevelt HS","9","High",0.98158379373849,0,0.48868778280543,0.529411764705882,3.14394910086172,0.447963800904977,6.31221719457014,2.19909502262443
"181",23,NA,"154",1,0,1,0,0,0,0,0,0,0,0,0,1,"06/06/1995",8039,NA,"Roosevelt HS","9","High",0.98158379373849,0,0.48868778280543,0.529411764705882,3.14394910086172,0.447963800904977,6.31221719457014,2.19909502262443
"182",23,NA,"87",1,0,0,1,0,1,0,1,0,1,0,0,0,"05/01/1995",8075,NA,"Roosevelt HS","9","High",0.98158379373849,0,0.48868778280543,0.529411764705882,3.14394910086172,0.447963800904977,6.31221719457014,2.19909502262443
"183",23,NA,"49",1,0,0,1,0,0,0,0,0,0,1,0,0,"11/25/1995",7867,NA,"Roosevelt HS","9","High",0.98158379373849,0,0.48868778280543,0.529411764705882,3.14394910086172,0.447963800904977,6.31221719457014,2.19909502262443
"184",23,NA,"9034",0,0,0,0,0,0,0,0,0,0,0,0,0,NA,0,NA,"Roosevelt HS","9","High",0.98158379373849,0,0.48868778280543,0.529411764705882,3.14394910086172,0.447963800904977,6.31221719457014,2.19909502262443
"185",23,NA,"369",1,0,0,1,0,0,0,1,0,0,0,1,0,"06/27/1994",8383,NA,"Roosevelt HS","9","High",0.98158379373849,0,0.48868778280543,0.529411764705882,3.14394910086172,0.447963800904977,6.31221719457014,2.19909502262443
"186",23,NA,"99",1,0,1,0,0,1,0,0,0,1,0,0,0,"08/26/1993",8688,NA,"Roosevelt HS","9","High",0.98158379373849,0,0.48868778280543,0.529411764705882,3.14394910086172,0.447963800904977,6.31221719457014,2.19909502262443
"187",23,NA,"78",1,0,0,1,0,1,0,0,0,0,0,0,0,"06/25/1995",8020,NA,"Roosevelt HS","9","High",0.98158379373849,0,0.48868778280543,0.529411764705882,3.14394910086172,0.447963800904977,6.31221719457014,2.19909502262443
"188",23,NA,"9014",0,0,0,0,0,0,0,0,0,0,0,0,0,NA,0,NA,"Roosevelt HS","9","High",0.98158379373849,0,0.48868778280543,0.529411764705882,3.14394910086172,0.447963800904977,6.31221719457014,2.19909502262443
"189",24,"Sal Castro MS","358",1,0,0,1,0,0,0,0,0,1,0,0,0,"05/02/1992",9169,24,"Sal Castro MS","6","Middle",0.85,0.298642533936652,0.32579185520362,0.352941176470588,2.15063677717841,0.298642533936652,3.15610859728507,1.46606334841629
"190",24,NA,"84",1,0,0,1,0,0,1,1,0,0,1,0,0,"10/18/1995",7905,NA,"Sal Castro MS","6","Middle",0.85,0.298642533936652,0.32579185520362,0.352941176470588,2.15063677717841,0.298642533936652,3.15610859728507,1.46606334841629
"191",24,NA,"125",1,0,0,1,0,0,0,0,0,0,0,1,0,"09/30/1994",8288,NA,"Sal Castro MS","6","Middle",0.85,0.298642533936652,0.32579185520362,0.352941176470588,2.15063677717841,0.298642533936652,3.15610859728507,1.46606334841629
"192",24,NA,"9033",0,0,0,0,0,0,0,0,0,0,0,0,0,NA,0,NA,"Sal Castro MS","6","Middle",0.85,0.298642533936652,0.32579185520362,0.352941176470588,2.15063677717841,0.298642533936652,3.15610859728507,1.46606334841629
"193",24,NA,"9047",0,0,0,0,0,0,0,0,0,0,0,0,0,NA,0,NA,"Sal Castro MS","6","Middle",0.85,0.298642533936652,0.32579185520362,0.352941176470588,2.15063677717841,0.298642533936652,3.15610859728507,1.46606334841629
"194",24,NA,"23",1,0,0,1,0,1,0,1,0,0,0,0,0,"11/04/1994",8253,NA,"Sal Castro MS","6","Middle",0.85,0.298642533936652,0.32579185520362,0.352941176470588,2.15063677717841,0.298642533936652,3.15610859728507,1.46606334841629
"195",25,"Santee Education Complex","307",0,1,0,0,0,0,0,0,0,1,0,0,0,"03/30/1993",8837,25,"Santee Education Complex","18","High",0.911111111111111,0,0.97737556561086,1.05882352941176,2.68964376323683,0.895927601809955,12.6244343891403,4.39819004524887
"196",25,NA,"9031",0,0,0,0,0,0,0,0,0,0,0,0,0,NA,0,NA,"Santee Education Complex","18","High",0.911111111111111,0,0.97737556561086,1.05882352941176,2.68964376323683,0.895927601809955,12.6244343891403,4.39819004524887
"197",25,"Santee Education Complex","309",0,0,0,1,0,0,0,0,0,1,0,0,0,"06/04/1994",8406,25,"Santee Education Complex","18","High",0.911111111111111,0,0.97737556561086,1.05882352941176,2.68964376323683,0.895927601809955,12.6244343891403,4.39819004524887
"198",25,NA,"1",1,0,0,1,0,0,1,0,0,1,0,0,0,"05/23/1994",8418,NA,"Santee Education Complex","18","High",0.911111111111111,0,0.97737556561086,1.05882352941176,2.68964376323683,0.895927601809955,12.6244343891403,4.39819004524887
"199",25,NA,"48",1,0,0,1,0,0,0,0,0,0,0,0,1,"11/26/1995",7866,NA,"Santee Education Complex","18","High",0.911111111111111,0,0.97737556561086,1.05882352941176,2.68964376323683,0.895927601809955,12.6244343891403,4.39819004524887
"200",25,NA,"168",0,0,0,1,0,0,0,1,0,0,0,0,1,"03/04/1994",8498,NA,"Santee Education Complex","18","High",0.911111111111111,0,0.97737556561086,1.05882352941176,2.68964376323683,0.895927601809955,12.6244343891403,4.39819004524887
"201",25,NA,"370",0,0,0,1,0,0,0,0,0,1,0,0,0,"09/15/1995",7938,NA,"Santee Education Complex","18","High",0.911111111111111,0,0.97737556561086,1.05882352941176,2.68964376323683,0.895927601809955,12.6244343891403,4.39819004524887
"202",25,NA,"9030",0,0,0,0,0,0,0,0,0,0,0,0,0,NA,0,NA,"Santee Education Complex","18","High",0.911111111111111,0,0.97737556561086,1.05882352941176,2.68964376323683,0.895927601809955,12.6244343891403,4.39819004524887
"203",25,NA,"71",1,0,0,1,0,1,0,0,0,1,0,0,0,"06/03/1994",8407,NA,"Santee Education Complex","18","High",0.911111111111111,0,0.97737556561086,1.05882352941176,2.68964376323683,0.895927601809955,12.6244343891403,4.39819004524887
"204",25,NA,"53",1,0,0,1,0,0,1,0,0,0,1,0,0,"06/02/1995",8043,NA,"Santee Education Complex","18","High",0.911111111111111,0,0.97737556561086,1.05882352941176,2.68964376323683,0.895927601809955,12.6244343891403,4.39819004524887
"205",25,"Santee Education Complex","308",0,0,0,1,0,0,0,0,0,1,0,0,0,"04/27/1993",8809,25,"Santee Education Complex","18","High",0.911111111111111,0,0.97737556561086,1.05882352941176,2.68964376323683,0.895927601809955,12.6244343891403,4.39819004524887
"206",25,NA,"47",1,0,0,1,0,0,0,0,0,0,0,0,1,"12/28/1994",8199,NA,"Santee Education Complex","18","High",0.911111111111111,0,0.97737556561086,1.05882352941176,2.68964376323683,0.895927601809955,12.6244343891403,4.39819004524887
"207",25,NA,"151",1,0,0,1,0,0,0,0,0,0,0,0,1,"08/30/1994",8319,NA,"Santee Education Complex","18","High",0.911111111111111,0,0.97737556561086,1.05882352941176,2.68964376323683,0.895927601809955,12.6244343891403,4.39819004524887
"208",25,NA,"165",1,0,0,1,0,1,0,1,0,0,0,0,0,"05/13/1995",8063,NA,"Santee Education Complex","18","High",0.911111111111111,0,0.97737556561086,1.05882352941176,2.68964376323683,0.895927601809955,12.6244343891403,4.39819004524887
"209",25,NA,"100",1,0,0,1,0,1,0,0,0,0,0,0,1,"09/06/1995",7947,NA,"Santee Education Complex","18","High",0.911111111111111,0,0.97737556561086,1.05882352941176,2.68964376323683,0.895927601809955,12.6244343891403,4.39819004524887
"210",25,NA,"160",1,0,0,1,0,0,0,0,0,0,0,1,0,"11/30/1995",7862,NA,"Santee Education Complex","18","High",0.911111111111111,0,0.97737556561086,1.05882352941176,2.68964376323683,0.895927601809955,12.6244343891403,4.39819004524887
"211",25,NA,"68",0,0,1,0,0,0,0,0,0,0,0,1,0,"05/18/1998",6962,NA,"Santee Education Complex","18","High",0.911111111111111,0,0.97737556561086,1.05882352941176,2.68964376323683,0.895927601809955,12.6244343891403,4.39819004524887
"212",25,NA,"33",1,0,0,1,0,0,0,0,0,1,0,0,0,"06/09/1994",8401,NA,"Santee Education Complex","18","High",0.911111111111111,0,0.97737556561086,1.05882352941176,2.68964376323683,0.895927601809955,12.6244343891403,4.39819004524887
"213",26,NA,"62",1,1,0,0,0,0,0,0,0,0,0,1,0,"10/15/1999",6447,NA,"Stevenson MS","15","Middle",0.992978936810431,0.746606334841629,0.81447963800905,0.882352941176471,3.20651764441234,0.746606334841629,7.89027149321267,3.66515837104072
"214",26,NA,"9015",0,0,0,0,0,0,0,0,0,0,0,0,0,NA,0,NA,"Stevenson MS","15","Middle",0.992978936810431,0.746606334841629,0.81447963800905,0.882352941176471,3.20651764441234,0.746606334841629,7.89027149321267,3.66515837104072
"215",26,NA,"81",1,0,0,1,0,0,0,0,0,1,0,0,0,"08/20/1995",7964,NA,"Stevenson MS","15","Middle",0.992978936810431,0.746606334841629,0.81447963800905,0.882352941176471,3.20651764441234,0.746606334841629,7.89027149321267,3.66515837104072
"216",26,NA,"131",1,0,0,1,0,0,1,0,0,0,1,0,0,"01/26/1995",8170,NA,"Stevenson MS","15","Middle",0.992978936810431,0.746606334841629,0.81447963800905,0.882352941176471,3.20651764441234,0.746606334841629,7.89027149321267,3.66515837104072
"217",26,NA,"114",1,0,0,1,0,0,0,1,0,1,0,0,0,"10/04/1995",7919,NA,"Stevenson MS","15","Middle",0.992978936810431,0.746606334841629,0.81447963800905,0.882352941176471,3.20651764441234,0.746606334841629,7.89027149321267,3.66515837104072
"218",26,"Stevenson MS","312",1,0,0,1,0,0,0,0,0,0,0,0,0,"10/24/1994",8264,26,"Stevenson MS","15","Middle",0.992978936810431,0.746606334841629,0.81447963800905,0.882352941176471,3.20651764441234,0.746606334841629,7.89027149321267,3.66515837104072
"219",26,NA,"5",1,0,0,1,0,0,0,0,0,0,1,0,0,"12/08/1994",8219,NA,"Stevenson MS","15","Middle",0.992978936810431,0.746606334841629,0.81447963800905,0.882352941176471,3.20651764441234,0.746606334841629,7.89027149321267,3.66515837104072
"220",26,NA,"113",0,0,0,1,0,0,0,0,0,0,0,0,1,"08/26/1994",8323,NA,"Stevenson MS","15","Middle",0.992978936810431,0.746606334841629,0.81447963800905,0.882352941176471,3.20651764441234,0.746606334841629,7.89027149321267,3.66515837104072
"221",26,NA,"111",0,1,0,0,0,0,0,0,0,0,0,1,0,"08/15/1997",7238,NA,"Stevenson MS","15","Middle",0.992978936810431,0.746606334841629,0.81447963800905,0.882352941176471,3.20651764441234,0.746606334841629,7.89027149321267,3.66515837104072
"222",26,NA,"9007",0,0,0,0,0,0,0,0,0,0,0,0,0,NA,0,NA,"Stevenson MS","15","Middle",0.992978936810431,0.746606334841629,0.81447963800905,0.882352941176471,3.20651764441234,0.746606334841629,7.89027149321267,3.66515837104072
"223",26,"Stevenson MS","133",1,0,0,1,0,1,0,0,0,1,0,0,0,"05/24/1995",8052,26,"Stevenson MS","15","Middle",0.992978936810431,0.746606334841629,0.81447963800905,0.882352941176471,3.20651764441234,0.746606334841629,7.89027149321267,3.66515837104072
"224",26,NA,"15",1,1,0,0,0,1,0,1,0,0,0,1,0,"04/02/1998",7008,NA,"Stevenson MS","15","Middle",0.992978936810431,0.746606334841629,0.81447963800905,0.882352941176471,3.20651764441234,0.746606334841629,7.89027149321267,3.66515837104072
"225",26,NA,"365",1,0,0,1,1,0,0,0,0,0,0,0,0,"05/28/1994",8413,NA,"Stevenson MS","15","Middle",0.992978936810431,0.746606334841629,0.81447963800905,0.882352941176471,3.20651764441234,0.746606334841629,7.89027149321267,3.66515837104072
"226",26,NA,"9048",0,0,0,0,0,0,0,0,0,0,0,0,0,NA,0,NA,"Stevenson MS","15","Middle",0.992978936810431,0.746606334841629,0.81447963800905,0.882352941176471,3.20651764441234,0.746606334841629,7.89027149321267,3.66515837104072
"227",26,NA,"9011",0,0,0,0,0,0,0,0,0,0,0,0,0,NA,0,NA,"Stevenson MS","15","Middle",0.992978936810431,0.746606334841629,0.81447963800905,0.882352941176471,3.20651764441234,0.746606334841629,7.89027149321267,3.66515837104072
"228",27,NA,"9003",0,0,0,0,0,0,0,0,0,0,0,0,0,NA,0,NA,"Virgil MS","9","Middle",0.829819277108434,0.447963800904977,0.48868778280543,0.529411764705882,1.92274401540676,0.447963800904977,4.7341628959276,2.19909502262443
"229",27,NA,"36",1,0,0,1,0,0,0,0,0,0,0,1,0,"09/11/1995",7942,NA,"Virgil MS","9","Middle",0.829819277108434,0.447963800904977,0.48868778280543,0.529411764705882,1.92274401540676,0.447963800904977,4.7341628959276,2.19909502262443
"230",27,NA,"130",1,0,0,1,0,0,0,0,0,0,1,0,0,"10/11/1994",8277,NA,"Virgil MS","9","Middle",0.829819277108434,0.447963800904977,0.48868778280543,0.529411764705882,1.92274401540676,0.447963800904977,4.7341628959276,2.19909502262443
"231",27,"Virgil MS","324",0,1,0,0,0,0,0,0,0,1,0,0,0,"10/28/1993",8625,27,"Virgil MS","9","Middle",0.829819277108434,0.447963800904977,0.48868778280543,0.529411764705882,1.92274401540676,0.447963800904977,4.7341628959276,2.19909502262443
"232",27,"Virgil MS","303",0,0,0,0,0,0,0,1,0,0,0,0,0,NA,0,27,"Virgil MS","9","Middle",0.829819277108434,0.447963800904977,0.48868778280543,0.529411764705882,1.92274401540676,0.447963800904977,4.7341628959276,2.19909502262443
"233",27,NA,"9001",0,0,0,0,0,0,0,0,0,0,0,0,0,NA,0,NA,"Virgil MS","9","Middle",0.829819277108434,0.447963800904977,0.48868778280543,0.529411764705882,1.92274401540676,0.447963800904977,4.7341628959276,2.19909502262443
"234",27,"Virgil MS","321",1,0,0,1,0,0,0,0,0,1,0,0,0,"04/05/1994",8466,27,"Virgil MS","9","Middle",0.829819277108434,0.447963800904977,0.48868778280543,0.529411764705882,1.92274401540676,0.447963800904977,4.7341628959276,2.19909502262443
"235",27,NA,"366",1,0,0,1,0,1,0,0,0,1,0,0,0,"05/09/1993",8797,NA,"Virgil MS","9","Middle",0.829819277108434,0.447963800904977,0.48868778280543,0.529411764705882,1.92274401540676,0.447963800904977,4.7341628959276,2.19909502262443
"236",27,NA,"9017",0,0,0,0,0,0,0,0,0,0,0,0,0,NA,0,NA,"Virgil MS","9","Middle",0.829819277108434,0.447963800904977,0.48868778280543,0.529411764705882,1.92274401540676,0.447963800904977,4.7341628959276,2.19909502262443
"237",28,"118th Street ES","316",0,0,0,1,0,0,0,0,0,1,0,0,0,"06/16/1991",9490,28,"118th Street ES","6","Elementary",0.85,0.298642533936652,0.32579185520362,0.352941176470588,2.15063677717841,0.298642533936652,2.10407239819004,1.46606334841629
"238",28,NA,"9",0,0,0,1,0,0,0,0,0,1,0,0,0,"10/30/1995",7893,NA,"118th Street ES","6","Elementary",0.85,0.298642533936652,0.32579185520362,0.352941176470588,2.15063677717841,0.298642533936652,2.10407239819004,1.46606334841629
"239",28,NA,"88",0,0,0,1,0,0,0,1,0,0,0,0,1,"02/12/1995",8153,NA,"118th Street ES","6","Elementary",0.85,0.298642533936652,0.32579185520362,0.352941176470588,2.15063677717841,0.298642533936652,2.10407239819004,1.46606334841629
"240",28,NA,"55",0,0,0,1,0,0,0,0,0,0,0,0,0,"04/18/1995",8088,NA,"118th Street ES","6","Elementary",0.85,0.298642533936652,0.32579185520362,0.352941176470588,2.15063677717841,0.298642533936652,2.10407239819004,1.46606334841629
"241",28,NA,"156",1,0,0,1,0,1,0,0,0,0,0,0,1,"09/28/1995",7925,NA,"118th Street ES","6","Elementary",0.85,0.298642533936652,0.32579185520362,0.352941176470588,2.15063677717841,0.298642533936652,2.10407239819004,1.46606334841629
"242",28,NA,"105",1,0,0,1,0,0,1,0,0,0,1,0,0,"08/09/1995",7975,NA,"118th Street ES","6","Elementary",0.85,0.298642533936652,0.32579185520362,0.352941176470588,2.15063677717841,0.298642533936652,2.10407239819004,1.46606334841629
"243",29,NA,"143",0,0,0,1,0,0,0,0,0,0,1,0,0,"03/06/1995",8131,NA,"Grape Street ES","6","Elementary",0.85,0.298642533936652,0.32579185520362,0.352941176470588,2.15063677717841,0.298642533936652,2.10407239819004,1.46606334841629
"244",29,NA,"371",0,0,0,1,0,0,0,0,0,1,0,0,0,"12/13/1992",8944,NA,"Grape Street ES","6","Elementary",0.85,0.298642533936652,0.32579185520362,0.352941176470588,2.15063677717841,0.298642533936652,2.10407239819004,1.46606334841629
"245",29,NA,"39",1,0,0,1,0,1,0,1,0,1,0,0,0,"11/06/1995",7886,NA,"Grape Street ES","6","Elementary",0.85,0.298642533936652,0.32579185520362,0.352941176470588,2.15063677717841,0.298642533936652,2.10407239819004,1.46606334841629
"246",29,NA,"60",0,0,0,1,0,0,0,1,0,0,0,0,1,"03/02/1993",8865,NA,"Grape Street ES","6","Elementary",0.85,0.298642533936652,0.32579185520362,0.352941176470588,2.15063677717841,0.298642533936652,2.10407239819004,1.46606334841629
"247",29,NA,"18",0,1,0,0,0,0,0,0,0,0,0,0,0,"09/21/1998",6836,NA,"Grape Street ES","6","Elementary",0.85,0.298642533936652,0.32579185520362,0.352941176470588,2.15063677717841,0.298642533936652,2.10407239819004,1.46606334841629
"248",29,"Grape Street ES","305",1,0,0,1,0,0,0,0,0,0,0,0,0,"03/22/1995",8115,29,"Grape Street ES","6","Elementary",0.85,0.298642533936652,0.32579185520362,0.352941176470588,2.15063677717841,0.298642533936652,2.10407239819004,1.46606334841629
"249",30,NA,"173",1,0,0,1,0,0,0,0,1,0,0,0,1,"12/05/1993",8587,NA,"Miguel Contreras - Business and Tourism","6","High",0.85,0,0.32579185520362,0.352941176470588,2.15063677717841,0.298642533936652,4.20814479638009,1.46606334841629
"250",30,NA,"148",1,0,0,1,0,0,0,0,0,0,1,0,0,"11/28/1994",8229,NA,"Miguel Contreras - Business and Tourism","6","High",0.85,0,0.32579185520362,0.352941176470588,2.15063677717841,0.298642533936652,4.20814479638009,1.46606334841629
"251",30,NA,"132",0,0,0,1,0,0,0,0,0,0,0,1,0,"04/07/1995",8099,NA,"Miguel Contreras - Business and Tourism","6","High",0.85,0,0.32579185520362,0.352941176470588,2.15063677717841,0.298642533936652,4.20814479638009,1.46606334841629
"252",30,NA,"146",0,0,0,1,0,1,0,1,0,1,0,0,0,"05/29/1994",8412,NA,"Miguel Contreras - Business and Tourism","6","High",0.85,0,0.32579185520362,0.352941176470588,2.15063677717841,0.298642533936652,4.20814479638009,1.46606334841629
"253",30,NA,"76",1,0,0,1,0,0,0,0,0,0,0,0,0,"09/07/1995",7946,NA,"Miguel Contreras - Business and Tourism","6","High",0.85,0,0.32579185520362,0.352941176470588,2.15063677717841,0.298642533936652,4.20814479638009,1.46606334841629
"254",30,"Miguel Contreras - Business and Tourism","330",1,0,0,1,1,1,0,0,0,1,0,0,0,"02/07/1994",8523,30,"Miguel Contreras - Business and Tourism","6","High",0.85,0,0.32579185520362,0.352941176470588,2.15063677717841,0.298642533936652,4.20814479638009,1.46606334841629
"255",31,NA,"119",1,0,0,1,0,1,0,0,0,1,0,0,0,"04/17/1996",7723,NA,"Miguel Contreras - Global Studies","6","High",0.85,0,0.32579185520362,0.352941176470588,2.15063677717841,0.298642533936652,4.20814479638009,1.46606334841629
"256",31,NA,"9044",0,0,0,0,0,0,0,0,0,0,0,0,0,NA,0,NA,"Miguel Contreras - Global Studies","6","High",0.85,0,0.32579185520362,0.352941176470588,2.15063677717841,0.298642533936652,4.20814479638009,1.46606334841629
"257",31,NA,"31",1,0,0,1,0,0,0,0,0,0,0,0,0,"12/26/1995",7836,NA,"Miguel Contreras - Global Studies","6","High",0.85,0,0.32579185520362,0.352941176470588,2.15063677717841,0.298642533936652,4.20814479638009,1.46606334841629
"258",31,NA,"75",1,0,1,0,0,0,0,1,0,0,0,1,0,"01/11/1997",7454,NA,"Miguel Contreras - Global Studies","6","High",0.85,0,0.32579185520362,0.352941176470588,2.15063677717841,0.298642533936652,4.20814479638009,1.46606334841629
"259",31,NA,"140",0,0,0,1,0,0,0,0,0,0,1,0,0,"01/18/1995",8178,NA,"Miguel Contreras - Global Studies","6","High",0.85,0,0.32579185520362,0.352941176470588,2.15063677717841,0.298642533936652,4.20814479638009,1.46606334841629
"260",31,"Miguel Contreras - Global Studies","356",0,0,0,1,0,0,0,0,0,1,0,0,0,"12/23/1991",9300,31,"Miguel Contreras - Global Studies","6","High",0.85,0,0.32579185520362,0.352941176470588,2.15063677717841,0.298642533936652,4.20814479638009,1.46606334841629
"261",32,NA,"52",1,0,0,1,0,1,0,0,0,0,0,0,0,"06/18/1995",8027,NA,"Miguel Contreras - School of Social Justice","6","High",0.85,0,0.32579185520362,0.352941176470588,2.15063677717841,0.298642533936652,4.20814479638009,1.46606334841629
"262",32,NA,"51",0,0,0,1,0,0,0,1,0,0,0,0,1,"05/27/1993",8779,NA,"Miguel Contreras - School of Social Justice","6","High",0.85,0,0.32579185520362,0.352941176470588,2.15063677717841,0.298642533936652,4.20814479638009,1.46606334841629
"263",32,NA,"27",1,0,0,1,0,0,0,0,0,1,0,0,0,"01/05/1995",8191,NA,"Miguel Contreras - School of Social Justice","6","High",0.85,0,0.32579185520362,0.352941176470588,2.15063677717841,0.298642533936652,4.20814479638009,1.46606334841629
"264",32,NA,"44",1,0,0,1,0,0,0,0,0,0,1,0,0,"09/09/1995",7944,NA,"Miguel Contreras - School of Social Justice","6","High",0.85,0,0.32579185520362,0.352941176470588,2.15063677717841,0.298642533936652,4.20814479638009,1.46606334841629
"265",32,"Miguel Contreras - School of Social Justice","360",1,0,0,1,1,1,0,0,0,1,0,0,0,"07/19/1994",8361,32,"Miguel Contreras - School of Social Justice","6","High",0.85,0,0.32579185520362,0.352941176470588,2.15063677717841,0.298642533936652,4.20814479638009,1.46606334841629
"266",32,NA,"95",0,0,0,1,0,0,0,0,0,0,0,1,0,"02/15/1994",8515,NA,"Miguel Contreras - School of Social Justice","6","High",0.85,0,0.32579185520362,0.352941176470588,2.15063677717841,0.298642533936652,4.20814479638009,1.46606334841629
"267",33,NA,"9006",0,0,0,0,0,0,0,0,0,0,0,0,0,NA,0,NA,"Miguel Contreras- Academic Leadership","6","High",0.85,0,0.32579185520362,0.352941176470588,2.15063677717841,0.298642533936652,4.20814479638009,1.46606334841629
"268",33,NA,"50",1,0,0,1,0,0,1,1,0,0,1,0,0,"10/18/1995",7905,NA,"Miguel Contreras- Academic Leadership","6","High",0.85,0,0.32579185520362,0.352941176470588,2.15063677717841,0.298642533936652,4.20814479638009,1.46606334841629
"269",33,NA,"29",1,0,0,1,0,0,0,0,0,0,0,0,0,"12/03/1994",8224,NA,"Miguel Contreras- Academic Leadership","6","High",0.85,0,0.32579185520362,0.352941176470588,2.15063677717841,0.298642533936652,4.20814479638009,1.46606334841629
"270",33,NA,"26",1,0,0,1,0,0,0,0,0,0,0,0,1,"08/30/1994",8319,NA,"Miguel Contreras- Academic Leadership","6","High",0.85,0,0.32579185520362,0.352941176470588,2.15063677717841,0.298642533936652,4.20814479638009,1.46606334841629
"271",33,"Miguel Contreras- Academic Leadership","359",1,0,0,1,0,1,0,0,0,1,0,0,0,"10/08/1994",8280,33,"Miguel Contreras- Academic Leadership","6","High",0.85,0,0.32579185520362,0.352941176470588,2.15063677717841,0.298642533936652,4.20814479638009,1.46606334841629
"272",33,NA,"108",0,0,0,1,0,0,0,0,0,0,0,1,0,"06/12/1995",8033,NA,"Miguel Contreras- Academic Leadership","6","High",0.85,0,0.32579185520362,0.352941176470588,2.15063677717841,0.298642533936652,4.20814479638009,1.46606334841629
